,IDE(USD),REER(2010 = 100),brent_oil_prices(USD/barrel),crude_oil_prices(USD/barrel),daily_natural_gas_prices(USD/MMBtu),annual_gold_prices(USD/oz),wheat_production (Million Bushels),InterTourismeReceipts(usd),"Inflation, prix à la consommation (% annuel)","Chômage, total (% de la population)","Chômage, total jeune entre 15-24  (% de la population)",Demographie,Pauvrete,Analphabetisme,Consommation finals des ménages,event,Dépenses nationales brutes (unités de devises locales courantes),Exportation de biens et de services ($ US),Importation de bien et de services ($ US)
1974-01-01,-20399999.9,,0.0,0.0,0.0,0.0,1781.9,,17.5568227452454,,,,40.0,78.5,5 230 324 637,0,33753300000,2 115 101 331,2 163 914 003
1974-02-01,0.0,0.0,0.0,0.0,0.0,0.0,0.0,0.0,0.0,0.0,0.0,0.0,0.0,0.0,0,0,0,0,0
1974-03-01,0.0,0.0,0.0,0.0,0.0,0.0,0.0,0.0,0.0,0.0,0.0,0.0,0.0,0.0,0,0,0,0,0
1974-04-01,0.0,0.0,0.0,0.0,0.0,0.0,0.0,0.0,0.0,0.0,0.0,0.0,0.0,0.0,0,0,0,0,0
1974-05-01,0.0,0.0,0.0,0.0,0.0,0.0,0.0,0.0,0.0,0.0,0.0,0.0,0.0,0.0,0,0,0,0,0
1974-06-01,0.0,0.0,0.0,0.0,0.0,0.0,0.0,0.0,0.0,0.0,0.0,0.0,0.0,0.0,0,0,0,0,0
1974-07-01,0.0,0.0,0.0,0.0,0.0,0.0,0.0,0.0,0.0,0.0,0.0,0.0,0.0,0.0,0,0,0,0,0
1974-08-01,0.0,0.0,0.0,0.0,0.0,0.0,0.0,0.0,0.0,0.0,0.0,0.0,0.0,0.0,0,0,0,0,0
1974-09-01,0.0,0.0,0.0,0.0,0.0,0.0,0.0,0.0,0.0,0.0,0.0,0.0,0.0,0.0,0,0,0,0,0
1974-10-01,0.0,0.0,0.0,0.0,0.0,0.0,0.0,0.0,0.0,0.0,0.0,0.0,0.0,0.0,0,0,0,0,0
1974-11-01,0.0,0.0,0.0,0.0,0.0,0.0,0.0,0.0,0.0,0.0,0.0,0.0,0.0,0.0,0,0,0,0,0
1974-12-01,0.0,0.0,0.0,0.0,0.0,183.683,0.0,0.0,0.0,0.0,0.0,0.0,0.0,0.0,0,0,0,0,0
1975-01-01,5019999.9,,0.0,0.0,0.0,0.0,2126.927,,7.91828926702741,3.2,7.0,52788.0,40.0,78.0,6 234 936 719,0,40370000000,2 019 155 151,2 996 086 107
1975-02-01,0.0,0.0,0.0,0.0,0.0,0.0,0.0,0.0,0.0,0.0,0.0,0.0,0.0,0.0,0,0,0,0,0
1975-03-01,0.0,0.0,0.0,0.0,0.0,0.0,0.0,0.0,0.0,0.0,0.0,0.0,0.0,0.0,0,0,0,0,0
1975-04-01,0.0,0.0,0.0,0.0,0.0,0.0,0.0,0.0,0.0,0.0,0.0,0.0,0.0,0.0,0,0,0,0,0
1975-05-01,0.0,0.0,0.0,0.0,0.0,0.0,0.0,0.0,0.0,0.0,0.0,0.0,0.0,0.0,0,0,0,0,0
1975-06-01,0.0,0.0,0.0,0.0,0.0,0.0,0.0,0.0,0.0,0.0,0.0,0.0,0.0,0.0,0,0,0,0,0
1975-07-01,0.0,0.0,0.0,0.0,0.0,0.0,0.0,0.0,0.0,0.0,0.0,0.0,0.0,0.0,0,0,0,0,0
1975-08-01,0.0,0.0,0.0,0.0,0.0,0.0,0.0,0.0,0.0,0.0,0.0,0.0,0.0,0.0,0,0,0,0,0
1975-09-01,0.0,0.0,0.0,0.0,0.0,0.0,0.0,0.0,0.0,0.0,0.0,0.0,0.0,0.0,0,0,0,0,0
1975-10-01,0.0,0.0,0.0,0.0,0.0,0.0,0.0,0.0,0.0,0.0,0.0,0.0,0.0,0.0,0,0,0,0,0
1975-11-01,0.0,0.0,0.0,0.0,0.0,0.0,0.0,0.0,0.0,0.0,0.0,0.0,0.0,0.0,0,0,0,0,0
1975-12-01,0.0,0.0,0.0,0.0,0.0,139.279,0.0,0.0,0.0,0.0,0.0,0.0,0.0,0.0,0,0,0,0,0
1976-01-01,38014962.7431903,,0.0,0.0,0.0,0.0,2148.78,,8.50215244349303,4.0,9.1,53004.0,39.0,77.0,6 512 099 621,0,50325000000,1 717 031 972,3 520 253 831
1976-02-01,0.0,0.0,0.0,0.0,0.0,0.0,0.0,0.0,0.0,0.0,0.0,0.0,0.0,0.0,0,0,0,0,0
1976-03-01,0.0,0.0,0.0,0.0,0.0,0.0,0.0,0.0,0.0,0.0,0.0,0.0,0.0,0.0,0,0,0,0,0
1976-04-01,0.0,0.0,0.0,0.0,0.0,0.0,0.0,0.0,0.0,0.0,0.0,0.0,0.0,0.0,0,0,0,0,0
1976-05-01,0.0,0.0,0.0,0.0,0.0,0.0,0.0,0.0,0.0,0.0,0.0,0.0,0.0,0.0,0,0,0,0,0
1976-06-01,0.0,0.0,0.0,0.0,0.0,0.0,0.0,0.0,0.0,0.0,0.0,0.0,0.0,0.0,0,0,0,0,0
1976-07-01,0.0,0.0,0.0,0.0,0.0,0.0,0.0,0.0,0.0,0.0,0.0,0.0,0.0,0.0,0,0,0,0,0
1976-08-01,0.0,0.0,0.0,0.0,0.0,0.0,0.0,0.0,0.0,0.0,0.0,0.0,0.0,0.0,0,0,0,0,0
1976-09-01,0.0,0.0,0.0,0.0,0.0,0.0,0.0,0.0,0.0,0.0,0.0,0.0,0.0,0.0,0,0,0,0,0
1976-10-01,0.0,0.0,0.0,0.0,0.0,0.0,0.0,0.0,0.0,0.0,0.0,0.0,0.0,0.0,0,0,0,0,0
1976-11-01,0.0,0.0,0.0,0.0,0.0,0.0,0.0,0.0,0.0,0.0,0.0,0.0,0.0,0.0,0,0,0,0,0
1976-12-01,0.0,0.0,0.0,0.0,0.0,133.674,0.0,0.0,0.0,0.0,0.0,0.0,0.0,0.0,0,0,0,0,0
1977-01-01,7994056.27289948,,0.0,0.0,0.0,0.0,2045.527,,12.5970009920069,4.2,9.7,53258.0,38.0,76.0,7 421 104 219,0,59924800000, 1 866 967 362,4 123 911 421
1977-02-01,0.0,0.0,0.0,0.0,0.0,0.0,0.0,0.0,0.0,0.0,0.0,0.0,0.0,0.0,0,0,0,0,0
1977-03-01,0.0,0.0,0.0,0.0,0.0,0.0,0.0,0.0,0.0,0.0,0.0,0.0,0.0,0.0,0,0,0,0,0
1977-04-01,0.0,0.0,0.0,0.0,0.0,0.0,0.0,0.0,0.0,0.0,0.0,0.0,0.0,0.0,0,0,0,0,0
1977-05-01,0.0,0.0,0.0,0.0,0.0,0.0,0.0,0.0,0.0,0.0,0.0,0.0,0.0,0.0,0,0,0,0,0
1977-06-01,0.0,0.0,0.0,0.0,0.0,0.0,0.0,0.0,0.0,0.0,0.0,0.0,0.0,0.0,0,0,0,0,0
1977-07-01,0.0,0.0,0.0,0.0,0.0,0.0,0.0,0.0,0.0,0.0,0.0,0.0,0.0,0.0,0,0,0,0,0
1977-08-01,0.0,0.0,0.0,0.0,0.0,0.0,0.0,0.0,0.0,0.0,0.0,0.0,0.0,0.0,0,0,0,0,0
1977-09-01,0.0,0.0,0.0,0.0,0.0,0.0,0.0,0.0,0.0,0.0,0.0,0.0,0.0,0.0,0,0,0,0,0
1977-10-01,0.0,0.0,0.0,0.0,0.0,0.0,0.0,0.0,0.0,0.0,0.0,0.0,0.0,0.0,0,0,0,0,0
1977-11-01,0.0,0.0,0.0,0.0,0.0,0.0,0.0,0.0,0.0,0.0,0.0,0.0,0.0,0.0,0,0,0,0,0
1977-12-01,0.0,0.0,0.0,0.0,0.0,160.48,0.0,0.0,0.0,0.0,0.0,0.0,0.0,0.0,0,0,0,0,0
1978-01-01,11759988.2428342,,0.0,0.0,0.0,0.0,1775.524,,9.7160327495434,4.5,10.2,53469.0,36.0,75.5,8 930 798 712,0,62708700000,2 167 005 746,3 980 131 861
1978-02-01,0.0,0.0,0.0,0.0,0.0,0.0,0.0,0.0,0.0,0.0,0.0,0.0,0.0,0.0,0,0,0,0,0
1978-03-01,0.0,0.0,0.0,0.0,0.0,0.0,0.0,0.0,0.0,0.0,0.0,0.0,0.0,0.0,0,0,0,0,0
1978-04-01,0.0,0.0,0.0,0.0,0.0,0.0,0.0,0.0,0.0,0.0,0.0,0.0,0.0,0.0,0,0,0,0,0
1978-05-01,0.0,0.0,0.0,0.0,0.0,0.0,0.0,0.0,0.0,0.0,0.0,0.0,0.0,0.0,0,0,0,0,0
1978-06-01,0.0,0.0,0.0,0.0,0.0,0.0,0.0,0.0,0.0,0.0,0.0,0.0,0.0,0.0,0,0,0,0,0
1978-07-01,0.0,0.0,0.0,0.0,0.0,0.0,0.0,0.0,0.0,0.0,0.0,0.0,0.0,0.0,0,0,0,0,0
1978-08-01,0.0,0.0,0.0,0.0,0.0,0.0,0.0,0.0,0.0,0.0,0.0,0.0,0.0,0.0,0,0,0,0,0
1978-09-01,0.0,0.0,0.0,0.0,0.0,0.0,0.0,0.0,0.0,0.0,0.0,0.0,0.0,0.0,0,0,0,0,0
1978-10-01,0.0,0.0,0.0,0.0,0.0,0.0,0.0,0.0,0.0,0.0,0.0,0.0,0.0,0.0,0,0,0,0,0
1978-11-01,0.0,0.0,0.0,0.0,0.0,0.0,0.0,0.0,0.0,0.0,0.0,0.0,0.0,0.0,0,0,0,0,0
1978-12-01,0.0,0.0,0.0,0.0,0.0,207.895,0.0,0.0,0.0,0.0,0.0,0.0,0.0,0.0,0,0,0,0,0
1979-01-01,7437548.63717074,,0.0,0.0,0.0,0.0,2134.06,,8.33136541815462,5.1,12.1,53714.0,34.0,75.0,10 666 804 475,0,70018300000,2 706 652 298,4 752 055 200
1979-02-01,0.0,0.0,0.0,0.0,0.0,0.0,0.0,0.0,0.0,0.0,0.0,0.0,0.0,0.0,0,0,0,0,0
1979-03-01,0.0,0.0,0.0,0.0,0.0,0.0,0.0,0.0,0.0,0.0,0.0,0.0,0.0,0.0,0,0,0,0,0
1979-04-01,0.0,0.0,0.0,0.0,0.0,0.0,0.0,0.0,0.0,0.0,0.0,0.0,0.0,0.0,0,0,0,0,0
1979-05-01,0.0,0.0,0.0,0.0,0.0,0.0,0.0,0.0,0.0,0.0,0.0,0.0,0.0,0.0,0,0,0,0,0
1979-06-01,0.0,0.0,0.0,0.0,0.0,0.0,0.0,0.0,0.0,0.0,0.0,0.0,0.0,0.0,0,0,0,0,0
1979-07-01,0.0,0.0,0.0,0.0,0.0,0.0,0.0,0.0,0.0,0.0,0.0,0.0,0.0,0.0,0,0,0,0,0
1979-08-01,0.0,0.0,0.0,0.0,0.0,0.0,0.0,0.0,0.0,0.0,0.0,0.0,0.0,0.0,0,0,0,0,0
1979-09-01,0.0,0.0,0.0,0.0,0.0,0.0,0.0,0.0,0.0,0.0,0.0,0.0,0.0,0.0,0,0,0,0,0
1979-10-01,0.0,0.0,0.0,0.0,0.0,0.0,0.0,0.0,0.0,0.0,0.0,0.0,0.0,0.0,0,0,0,0,0
1979-11-01,0.0,0.0,0.0,0.0,0.0,0.0,0.0,0.0,0.0,0.0,0.0,0.0,0.0,0.0,0,0,0,0,0
1979-12-01,0.0,0.0,0.0,0.0,0.0,463.666,0.0,0.0,0.0,0.0,0.0,0.0,0.0,0.0,0,0,0,0,0
1980-01-01,89416222.5895141,,0.0,0.0,0.0,0.0,2380.934,,9.40837947437956,5.5,13.5,54010.0,32.0,74.0,13 144 001 264,0,92953743000,4 201 411 557,6 085 317 298
1980-02-01,0.0,0.0,0.0,0.0,0.0,0.0,0.0,0.0,0.0,0.0,0.0,0.0,0.0,0.0,0,0,0,0,0
1980-03-01,0.0,0.0,0.0,0.0,0.0,0.0,0.0,0.0,0.0,0.0,0.0,0.0,0.0,0.0,0,0,0,0,0
1980-04-01,0.0,0.0,0.0,0.0,0.0,0.0,0.0,0.0,0.0,0.0,0.0,0.0,0.0,0.0,0,0,0,0,0
1980-05-01,0.0,0.0,0.0,0.0,0.0,0.0,0.0,0.0,0.0,0.0,0.0,0.0,0.0,0.0,0,0,0,0,0
1980-06-01,0.0,0.0,0.0,0.0,0.0,0.0,0.0,0.0,0.0,0.0,0.0,0.0,0.0,0.0,0,0,0,0,0
1980-07-01,0.0,0.0,0.0,0.0,0.0,0.0,0.0,0.0,0.0,0.0,0.0,0.0,0.0,0.0,0,0,0,0,0
1980-08-01,0.0,0.0,0.0,0.0,0.0,0.0,0.0,0.0,0.0,0.0,0.0,0.0,0.0,0.0,0,0,0,0,0
1980-09-01,0.0,0.0,0.0,0.0,0.0,0.0,0.0,0.0,0.0,0.0,0.0,0.0,0.0,0.0,0,0,0,0,0
1980-10-01,0.0,0.0,0.0,0.0,0.0,0.0,0.0,0.0,0.0,0.0,0.0,0.0,0.0,0.0,0,0,0,0,0
1980-11-01,0.0,0.0,0.0,0.0,0.0,0.0,0.0,0.0,0.0,0.0,0.0,0.0,0.0,0.0,0,0,0,0,0
1980-12-01,0.0,0.0,0.0,0.0,0.0,596.712,0.0,0.0,0.0,0.0,0.0,0.0,0.0,0.0,0,0,0,0,0
1981-01-01,58581335.9912382,,0.0,0.0,0.0,0.0,2785.357,,12.4925283921001,6.2,15.3,54314.0,30.0,70.0,11 055 289 566,0,103132601000,4 032 797 040,6 184 035 098
1981-02-01,0.0,0.0,0.0,0.0,0.0,0.0,0.0,0.0,0.0,0.0,0.0,0.0,0.0,0.0,0,0,0,0,0
1981-03-01,0.0,0.0,0.0,0.0,0.0,0.0,0.0,0.0,0.0,0.0,0.0,0.0,0.0,0.0,0,0,0,0,0
1981-04-01,0.0,0.0,0.0,0.0,0.0,0.0,0.0,0.0,0.0,0.0,0.0,0.0,0.0,0.0,0,0,0,0,0
1981-05-01,0.0,0.0,0.0,0.0,0.0,0.0,0.0,0.0,0.0,0.0,0.0,0.0,0.0,0.0,0,-1,0,0,0
1981-06-01,0.0,0.0,0.0,0.0,0.0,0.0,0.0,0.0,0.0,0.0,0.0,0.0,0.0,0.0,0,0,0,0,0
1981-07-01,0.0,0.0,0.0,0.0,0.0,0.0,0.0,0.0,0.0,0.0,0.0,0.0,0.0,0.0,0,0,0,0,0
1981-08-01,0.0,0.0,0.0,0.0,0.0,0.0,0.0,0.0,0.0,0.0,0.0,0.0,0.0,0.0,0,0,0,0,0
1981-09-01,0.0,0.0,0.0,0.0,0.0,0.0,0.0,0.0,0.0,0.0,0.0,0.0,0.0,0.0,0,0,0,0,0
1981-10-01,0.0,0.0,0.0,0.0,0.0,0.0,0.0,0.0,0.0,0.0,0.0,0.0,0.0,0.0,0,0,0,0,0
1981-11-01,0.0,0.0,0.0,0.0,0.0,0.0,0.0,0.0,0.0,0.0,0.0,0.0,0.0,0.0,0,0,0,0,0
1981-12-01,0.0,0.0,0.0,0.0,0.0,410.119,0.0,0.0,0.0,0.0,0.0,0.0,0.0,0.0,0,0,0,0,0
1982-01-01,79528177.1036931,,0.0,0.0,0.0,0.0,2764.967,,10.5278072972983,7.0,17.0,54631.0,28.0,65.0,10 750 515 273,0,119487668000,3 822 370 232,5 968 583 545
1982-02-01,0.0,0.0,0.0,0.0,0.0,0.0,0.0,0.0,0.0,0.0,0.0,0.0,0.0,0.0,0,0,0,0,0
1982-03-01,0.0,0.0,0.0,0.0,0.0,0.0,0.0,0.0,0.0,0.0,0.0,0.0,0.0,0.0,0,0,0,0,0
1982-04-01,0.0,0.0,0.0,0.0,0.0,0.0,0.0,0.0,0.0,0.0,0.0,0.0,0.0,0.0,0,0,0,0,0
1982-05-01,0.0,0.0,0.0,0.0,0.0,0.0,0.0,0.0,0.0,0.0,0.0,0.0,0.0,0.0,0,0,0,0,0
1982-06-01,0.0,0.0,0.0,0.0,0.0,0.0,0.0,0.0,0.0,0.0,0.0,0.0,0.0,0.0,0,0,0,0,0
1982-07-01,0.0,0.0,0.0,0.0,0.0,0.0,0.0,0.0,0.0,0.0,0.0,0.0,0.0,0.0,0,0,0,0,0
1982-08-01,0.0,0.0,0.0,0.0,0.0,0.0,0.0,0.0,0.0,0.0,0.0,0.0,0.0,0.0,0,0,0,0,0
1982-09-01,0.0,0.0,0.0,0.0,0.0,0.0,0.0,0.0,0.0,0.0,0.0,0.0,0.0,0.0,0,0,0,0,0
1982-10-01,0.0,0.0,0.0,0.0,0.0,0.0,0.0,0.0,0.0,0.0,0.0,0.0,0.0,0.0,0,0,0,0,0
1982-11-01,0.0,0.0,0.0,0.0,0.0,0.0,0.0,0.0,0.0,0.0,0.0,0.0,0.0,0.0,0,0,0,0,0
1982-12-01,0.0,0.0,0.0,0.0,0.0,444.776,0.0,0.0,0.0,0.0,0.0,0.0,0.0,0.0,0,0,0,0,0
1983-01-01,46123623.5045972,,0.0,0.0,0.0,0.0,2419.824,,6.20793538870313,7.3,17.8,54880.0,26.0,64.0,10 446 628 567,0,123779840000,3 697 958 875, 4 852 572 440
1983-02-01,0.0,0.0,0.0,0.0,0.0,0.0,0.0,0.0,0.0,0.0,0.0,0.0,0.0,0.0,0,0,0,0,0
1983-03-01,0.0,0.0,0.0,29.27,0.0,0.0,0.0,0.0,0.0,0.0,0.0,0.0,0.0,0.0,0,0,0,0,0
1983-04-01,0.0,0.0,0.0,30.63,0.0,0.0,0.0,0.0,0.0,0.0,0.0,0.0,0.0,0.0,0,0,0,0,0
1983-05-01,0.0,0.0,0.0,30.25,0.0,0.0,0.0,0.0,0.0,0.0,0.0,0.0,0.0,0.0,0,0,0,0,0
1983-06-01,0.0,0.0,0.0,31.38,0.0,0.0,0.0,0.0,0.0,0.0,0.0,0.0,0.0,0.0,0,0,0,0,0
1983-07-01,0.0,0.0,0.0,32.0,0.0,0.0,0.0,0.0,0.0,0.0,0.0,0.0,0.0,0.0,0,0,0,0,0
1983-08-01,0.0,0.0,0.0,31.59,0.0,0.0,0.0,0.0,0.0,0.0,0.0,0.0,0.0,0.0,0,0,0,0,0
1983-09-01,0.0,0.0,0.0,30.36,0.0,0.0,0.0,0.0,0.0,0.0,0.0,0.0,0.0,0.0,0,0,0,0,0
1983-10-01,0.0,0.0,0.0,30.37,0.0,0.0,0.0,0.0,0.0,0.0,0.0,0.0,0.0,0.0,0,0,0,0,0
1983-11-01,0.0,0.0,0.0,29.23,0.0,0.0,0.0,0.0,0.0,0.0,0.0,0.0,0.0,0.0,0,0,0,0,0
1983-12-01,0.0,0.0,0.0,29.6,0.0,388.06,0.0,0.0,0.0,0.0,0.0,0.0,0.0,0.0,0,0,0,0,0
1984-01-01,46989196.5550045,,0.0,29.98,0.0,0.0,2594.777,,12.4475693291853,8.2,21.0,55139.0,24.0,63.0,9 210 555 408,-1,142491644000,3 800 181 964,5 148 384 843
1984-02-01,0.0,0.0,0.0,30.55,0.0,0.0,0.0,0.0,0.0,0.0,0.0,0.0,0.0,0.0,0,0,0,0,0
1984-03-01,0.0,0.0,0.0,30.85,0.0,0.0,0.0,0.0,0.0,0.0,0.0,0.0,0.0,0.0,0,0,0,0,0
1984-04-01,0.0,0.0,0.0,30.26,0.0,0.0,0.0,0.0,0.0,0.0,0.0,0.0,0.0,0.0,0,0,0,0,0
1984-05-01,0.0,0.0,0.0,30.83,0.0,0.0,0.0,0.0,0.0,0.0,0.0,0.0,0.0,0.0,0,0,0,0,0
1984-06-01,0.0,0.0,0.0,29.75,0.0,0.0,0.0,0.0,0.0,0.0,0.0,0.0,0.0,0.0,0,0,0,0,0
1984-07-01,0.0,0.0,0.0,27.6,0.0,0.0,0.0,0.0,0.0,0.0,0.0,0.0,0.0,0.0,0,0,0,0,0
1984-08-01,0.0,0.0,0.0,29.23,0.0,0.0,0.0,0.0,0.0,0.0,0.0,0.0,0.0,0.0,0,0,0,0,0
1984-09-01,0.0,0.0,0.0,29.66,0.0,0.0,0.0,0.0,0.0,0.0,0.0,0.0,0.0,0.0,0,0,0,0,0
1984-10-01,0.0,0.0,0.0,28.46,0.0,0.0,0.0,0.0,0.0,0.0,0.0,0.0,0.0,0.0,0,0,0,0,0
1984-11-01,0.0,0.0,0.0,27.31,0.0,0.0,0.0,0.0,0.0,0.0,0.0,0.0,0.0,0.0,0,0,0,0,0
1984-12-01,0.0,0.0,0.0,26.41,0.0,319.622,0.0,0.0,0.0,0.0,0.0,0.0,0.0,0.0,0,0,0,0,0
1985-01-01,19975166.8598062,,0.0,26.41,0.0,0.0,2424.115,,7.7286389008592,9.1,23.0,55393.0,23.0,62.0,9 057 385 472,0,163361276000,3 824 760 012, 5 067 330 816
1985-02-01,0.0,0.0,0.0,26.73,0.0,0.0,0.0,0.0,0.0,0.0,0.0,0.0,0.0,0.0,0,0,0,0,0
1985-03-01,0.0,0.0,0.0,28.29,0.0,0.0,0.0,0.0,0.0,0.0,0.0,0.0,0.0,0.0,0,0,0,0,0
1985-04-01,0.0,0.0,0.0,27.63,0.0,0.0,0.0,0.0,0.0,0.0,0.0,0.0,0.0,0.0,0,0,0,0,0
1985-05-01,0.0,0.0,0.0,27.84,0.0,0.0,0.0,0.0,0.0,0.0,0.0,0.0,0.0,0.0,0,0,0,0,0
1985-06-01,0.0,0.0,0.0,26.87,0.0,0.0,0.0,0.0,0.0,0.0,0.0,0.0,0.0,0.0,0,0,0,0,0
1985-07-01,0.0,0.0,0.0,27.12,0.0,0.0,0.0,0.0,0.0,0.0,0.0,0.0,0.0,0.0,0,0,0,0,0
1985-08-01,0.0,0.0,0.0,28.08,0.0,0.0,0.0,0.0,0.0,0.0,0.0,0.0,0.0,0.0,0,0,0,0,0
1985-09-01,0.0,0.0,0.0,29.08,0.0,0.0,0.0,0.0,0.0,0.0,0.0,0.0,0.0,0.0,0,0,0,0,0
1985-10-01,0.0,0.0,0.0,30.38,0.0,0.0,0.0,0.0,0.0,0.0,0.0,0.0,0.0,0.0,0,0,0,0,0
1985-11-01,0.0,0.0,0.0,29.75,0.0,0.0,0.0,0.0,0.0,0.0,0.0,0.0,0.0,0.0,0,0,0,0,0
1985-12-01,0.0,0.0,0.0,26.3,0.0,321.985,0.0,0.0,0.0,0.0,0.0,0.0,0.0,0.0,0,0,0,0,0
1986-01-01,549182.496104443,,0.0,18.83,0.0,0.0,2090.57,,8.73355918706675,9.0,21.1,55661.0,22.0,61.0,11 928 243 378,0,188737029000,4 258 765 117, 5 526 888 963
1986-02-01,0.0,0.0,0.0,13.26,0.0,0.0,0.0,0.0,0.0,0.0,0.0,0.0,0.0,0.0,0,0,0,0,0
1986-03-01,0.0,0.0,0.0,10.42,0.0,0.0,0.0,0.0,0.0,0.0,0.0,0.0,0.0,0.0,0,0,0,0,0
1986-04-01,0.0,0.0,0.0,13.34,0.0,0.0,0.0,0.0,0.0,0.0,0.0,0.0,0.0,0.0,0,0,0,0,0
1986-05-01,0.0,0.0,0.0,14.3,0.0,0.0,0.0,0.0,0.0,0.0,0.0,0.0,0.0,0.0,0,0,0,0,0
1986-06-01,0.0,0.0,0.0,12.78,0.0,0.0,0.0,0.0,0.0,0.0,0.0,0.0,0.0,0.0,0,0,0,0,0
1986-07-01,0.0,0.0,0.0,11.15,0.0,0.0,0.0,0.0,0.0,0.0,0.0,0.0,0.0,0.0,0,0,0,0,0
1986-08-01,0.0,0.0,0.0,15.9,0.0,0.0,0.0,0.0,0.0,0.0,0.0,0.0,0.0,0.0,0,0,0,0,0
1986-09-01,0.0,0.0,0.0,14.77,0.0,0.0,0.0,0.0,0.0,0.0,0.0,0.0,0.0,0.0,0,0,0,0,0
1986-10-01,0.0,0.0,0.0,15.27,0.0,0.0,0.0,0.0,0.0,0.0,0.0,0.0,0.0,0.0,0,0,0,0,0
1986-11-01,0.0,0.0,0.0,15.0,0.0,0.0,0.0,0.0,0.0,0.0,0.0,0.0,0.0,0.0,0,0,0,0,0
1986-12-01,0.0,0.0,0.0,17.94,0.0,391.595,0.0,0.0,0.0,0.0,0.0,0.0,0.0,0.0,0,0,0,0,0
1987-01-01,59574900.7832664,,0.0,18.75,0.0,0.0,2107.685,,2.69873997713767,9.3,20.2,55947.0,21.0,60.0,13 308 004 031,0,190482259000,4 893 088 773,5 914 964 605
1987-02-01,0.0,0.0,0.0,16.6,0.0,0.0,0.0,0.0,0.0,0.0,0.0,0.0,0.0,0.0,0,0,0,0,0
1987-03-01,0.0,0.0,0.0,18.83,0.0,0.0,0.0,0.0,0.0,0.0,0.0,0.0,0.0,0.0,0,0,0,0,0
1987-04-01,0.0,0.0,0.0,18.73,0.0,0.0,0.0,0.0,0.0,0.0,0.0,0.0,0.0,0.0,0,0,0,0,0
1987-05-01,0.0,0.0,0.0,19.38,0.0,0.0,0.0,0.0,0.0,0.0,0.0,0.0,0.0,0.0,0,0,0,0,0
1987-06-01,0.0,0.0,18.65,20.29,0.0,0.0,0.0,0.0,0.0,0.0,0.0,0.0,0.0,0.0,0,0,0,0,0
1987-07-01,0.0,0.0,18.98,21.37,0.0,0.0,0.0,0.0,0.0,0.0,0.0,0.0,0.0,0.0,0,0,0,0,0
1987-08-01,0.0,0.0,0.0,19.73,0.0,0.0,0.0,0.0,0.0,0.0,0.0,0.0,0.0,0.0,0,0,0,0,0
1987-09-01,0.0,0.0,18.43,19.59,0.0,0.0,0.0,0.0,0.0,0.0,0.0,0.0,0.0,0.0,0,0,0,0,0
1987-10-01,0.0,0.0,18.5,19.96,0.0,0.0,0.0,0.0,0.0,0.0,0.0,0.0,0.0,0.0,0,0,0,0,0
1987-11-01,0.0,0.0,0.0,18.51,0.0,0.0,0.0,0.0,0.0,0.0,0.0,0.0,0.0,0.0,0,0,0,0,0
1987-12-01,0.0,0.0,17.65,16.7,0.0,487.079,0.0,0.0,0.0,0.0,0.0,0.0,0.0,0.0,0,0,0,0,0
1988-01-01,84661627.5741094,102.69608924935,0.0,16.94,0.0,0.0,1812.201,,2.36905505487641,9.0,19.4,56250.0,20.0,59.0,14 947 874 919,0,211322323000,6 425 436 406,6 462 582 987
1988-02-01,0.0,0.0,16.1,16.01,0.0,0.0,0.0,0.0,0.0,0.0,0.0,0.0,0.0,0.0,0,0,0,0,0
1988-03-01,0.0,0.0,14.18,17.08,0.0,0.0,0.0,0.0,0.0,0.0,0.0,0.0,0.0,0.0,0,0,0,0,0
1988-04-01,0.0,0.0,0.0,17.99,0.0,0.0,0.0,0.0,0.0,0.0,0.0,0.0,0.0,0.0,0,0,0,0,0
1988-05-01,0.0,0.0,0.0,17.51,0.0,0.0,0.0,0.0,0.0,0.0,0.0,0.0,0.0,0.0,0,0,0,0,0
1988-06-01,0.0,0.0,16.33,15.16,0.0,0.0,0.0,0.0,0.0,0.0,0.0,0.0,0.0,0.0,0,0,0,0,0
1988-07-01,0.0,0.0,13.95,16.31,0.0,0.0,0.0,0.0,0.0,0.0,0.0,0.0,0.0,0.0,0,0,0,0,0
1988-08-01,0.0,0.0,15.6,15.18,0.0,0.0,0.0,0.0,0.0,0.0,0.0,0.0,0.0,0.0,0,0,0,0,0
1988-09-01,0.0,0.0,14.15,13.37,0.0,0.0,0.0,0.0,0.0,0.0,0.0,0.0,0.0,0.0,0,0,0,0,0
1988-10-01,0.0,0.0,0.0,13.58,0.0,0.0,0.0,0.0,0.0,0.0,0.0,0.0,0.0,0.0,0,0,0,0,0
1988-11-01,0.0,0.0,12.18,15.32,0.0,0.0,0.0,0.0,0.0,0.0,0.0,0.0,0.0,0.0,0,0,0,0,0
1988-12-01,0.0,0.0,14.93,17.24,0.0,419.248,0.0,0.0,0.0,0.0,0.0,0.0,0.0,0.0,0,0,0,0,0
1989-01-01,167056032.101148,103.277518763471,0.0,17.03,0.0,0.0,2036.618,,3.2599694922639,8.4,17.0,56560.0,18.0,58.5,15 164 635 016,0,235067000000,5 935 176 840,7 314 302 141
1989-02-01,0.0,0.0,16.4,18.15,0.0,0.0,0.0,0.0,0.0,0.0,0.0,0.0,0.0,0.0,0,0,0,0,0
1989-03-01,0.0,0.0,17.25,20.19,0.0,0.0,0.0,0.0,0.0,0.0,0.0,0.0,0.0,0.0,0,0,0,0,0
1989-04-01,0.0,0.0,0.0,20.42,0.0,0.0,0.0,0.0,0.0,0.0,0.0,0.0,0.0,0.0,0,0,0,0,0
1989-05-01,0.0,0.0,0.0,19.9,0.0,0.0,0.0,0.0,0.0,0.0,0.0,0.0,0.0,0.0,0,0,0,0,0
1989-06-01,0.0,0.0,18.08,20.27,0.0,0.0,0.0,0.0,0.0,0.0,0.0,0.0,0.0,0.0,0,0,0,0,0
1989-07-01,0.0,0.0,0.0,18.31,0.0,0.0,0.0,0.0,0.0,0.0,0.0,0.0,0.0,0.0,0,0,0,0,0
1989-08-01,0.0,0.0,16.23,18.83,0.0,0.0,0.0,0.0,0.0,0.0,0.0,0.0,0.0,0.0,0,0,0,0,0
1989-09-01,0.0,0.0,17.33,20.13,0.0,0.0,0.0,0.0,0.0,0.0,0.0,0.0,0.0,0.0,0,0,0,0,0
1989-10-01,0.0,0.0,0.0,19.94,0.0,0.0,0.0,0.0,0.0,0.0,0.0,0.0,0.0,0.0,0,0,0,0,0
1989-11-01,0.0,0.0,19.23,19.89,0.0,0.0,0.0,0.0,0.0,0.0,0.0,0.0,0.0,0.0,0,0,0,0,0
1989-12-01,0.0,0.0,18.68,21.82,0.0,409.655,0.0,0.0,0.0,0.0,0.0,0.0,0.0,0.0,0,0,0,0,0
1990-01-01,165122977.794539,98.3704530038618,0.0,22.68,0.0,0.0,2729.778,,6.78259401511006,8.1,16.9,56823.0,17.0,58.0,17 730 784 539,0,262454967400,7 411 991 822, 9 074 317 736
1990-02-01,0.0,0.0,20.58,21.54,0.0,0.0,0.0,0.0,0.0,0.0,0.0,0.0,0.0,0.0,0,0,0,0,0
1990-03-01,0.0,0.0,19.33,20.28,0.0,0.0,0.0,0.0,0.0,0.0,0.0,0.0,0.0,0.0,0,0,0,0,0
1990-04-01,0.0,0.0,0.0,18.54,0.0,0.0,0.0,0.0,0.0,0.0,0.0,0.0,0.0,0.0,0,0,0,0,0
1990-05-01,0.0,0.0,16.43,17.4,0.0,0.0,0.0,0.0,0.0,0.0,0.0,0.0,0.0,0.0,0,0,0,0,0
1990-06-01,0.0,0.0,15.43,17.07,0.0,0.0,0.0,0.0,0.0,0.0,0.0,0.0,0.0,0.0,0,0,0,0,0
1990-07-01,0.0,0.0,0.0,20.69,0.0,0.0,0.0,0.0,0.0,0.0,0.0,0.0,0.0,0.0,0,0,0,0,0
1990-08-01,0.0,0.0,19.93,27.32,0.0,0.0,0.0,0.0,0.0,0.0,0.0,0.0,0.0,0.0,0,0,0,0,0
1990-09-01,0.0,0.0,0.0,39.51,0.0,0.0,0.0,0.0,0.0,0.0,0.0,0.0,0.0,0.0,0,0,0,0,0
1990-10-01,0.0,0.0,38.95,35.23,0.0,0.0,0.0,0.0,0.0,0.0,0.0,0.0,0.0,0.0,0,0,0,0,0
1990-11-01,0.0,0.0,35.65,28.85,0.0,0.0,0.0,0.0,0.0,0.0,0.0,0.0,0.0,0.0,0,0,0,0,0
1990-12-01,0.0,0.0,0.0,28.44,0.0,378.161,0.0,0.0,0.0,0.0,0.0,0.0,0.0,0.0,0,0,0,0,0
1991-01-01,317462140.572328,99.3672744381744,0.0,21.54,0.0,0.0,1980.139,,7.98616600790512,7.9,17.0,57094.0,13.1,57.0,20 096 406 878,0,295549240200,7 205 742 183, 8 865 788 883
1991-02-01,0.0,0.0,20.8,19.16,0.0,0.0,0.0,0.0,0.0,0.0,0.0,0.0,0.0,0.0,0,0,0,0,0
1991-03-01,0.0,0.0,19.33,19.63,0.0,0.0,0.0,0.0,0.0,0.0,0.0,0.0,0.0,0.0,0,0,0,0,0
1991-04-01,0.0,0.0,18.0,20.96,0.0,0.0,0.0,0.0,0.0,0.0,0.0,0.0,0.0,0.0,0,0,0,0,0
1991-05-01,0.0,0.0,19.7,21.13,0.0,0.0,0.0,0.0,0.0,0.0,0.0,0.0,0.0,0.0,0,0,0,0,0
1991-06-01,0.0,0.0,0.0,20.56,0.0,0.0,0.0,0.0,0.0,0.0,0.0,0.0,0.0,0.0,0,0,0,0,0
1991-07-01,0.0,0.0,18.53,21.68,0.0,0.0,0.0,0.0,0.0,0.0,0.0,0.0,0.0,0.0,0,0,0,0,0
1991-08-01,0.0,0.0,19.73,22.26,0.0,0.0,0.0,0.0,0.0,0.0,0.0,0.0,0.0,0.0,0,0,0,0,0
1991-09-01,0.0,0.0,0.0,22.23,0.0,0.0,0.0,0.0,0.0,0.0,0.0,0.0,0.0,0.0,0,0,0,0,0
1991-10-01,0.0,0.0,21.15,23.37,0.0,0.0,0.0,0.0,0.0,0.0,0.0,0.0,0.0,0.0,0,0,0,0,0
1991-11-01,0.0,0.0,22.53,21.48,0.0,0.0,0.0,0.0,0.0,0.0,0.0,0.0,0.0,0.0,0,0,0,0,0
1991-12-01,0.0,0.0,0.0,19.12,0.0,361.875,0.0,0.0,0.0,0.0,0.0,0.0,0.0,0.0,0,0,0,0,0
1992-01-01,422470462.497987,99.8711027830783,0.0,18.9,0.0,0.0,2466.798,,5.7402466286874,8.7,18.3,57350.0,14.0,56.5,20 814 496 861,0,304861499100,7 474 470 438,9 469 830 979
1992-02-01,0.0,0.0,0.0,18.68,0.0,0.0,0.0,0.0,0.0,0.0,0.0,0.0,0.0,0.0,0,0,0,0,0
1992-03-01,0.0,0.0,0.0,19.44,0.0,0.0,0.0,0.0,0.0,0.0,0.0,0.0,0.0,0.0,0,0,0,0,0
1992-04-01,0.0,0.0,18.38,20.85,0.0,0.0,0.0,0.0,0.0,0.0,0.0,0.0,0.0,0.0,0,0,0,0,0
1992-05-01,0.0,0.0,19.83,22.11,0.0,0.0,0.0,0.0,0.0,0.0,0.0,0.0,0.0,0.0,0,0,0,0,0
1992-06-01,0.0,0.0,20.9,21.6,0.0,0.0,0.0,0.0,0.0,0.0,0.0,0.0,0.0,0.0,0,0,0,0,0
1992-07-01,0.0,0.0,20.25,21.87,0.0,0.0,0.0,0.0,0.0,0.0,0.0,0.0,0.0,0.0,0,0,0,0,0
1992-08-01,0.0,0.0,0.0,21.48,0.0,0.0,0.0,0.0,0.0,0.0,0.0,0.0,0.0,0.0,0,0,0,0,0
1992-09-01,0.0,0.0,19.88,21.71,0.0,0.0,0.0,0.0,0.0,0.0,0.0,0.0,0.0,0.0,0,0,0,0,0
1992-10-01,0.0,0.0,20.28,20.62,0.0,0.0,0.0,0.0,0.0,0.0,0.0,0.0,0.0,0.0,0,0,0,0,0
1992-11-01,0.0,0.0,0.0,19.89,0.0,0.0,0.0,0.0,0.0,0.0,0.0,0.0,0.0,0.0,0,0,0,0,0
1992-12-01,0.0,0.0,18.65,19.5,0.0,334.657,0.0,0.0,0.0,0.0,0.0,0.0,0.0,0.0,0,0,0,0,0
1993-01-01,491466064.599826,102.663426115116,0.0,20.26,0.0,0.0,2396.44,,5.18311396030801,9.6,20.8,57557.0,14.5,56.0,19 351 784 644,1,310692498100,6 983 435 380,8 739 349 823
1993-02-01,0.0,0.0,18.55,20.6,0.0,0.0,0.0,0.0,0.0,0.0,0.0,0.0,0.0,0.0,0,0,0,0,0
1993-03-01,0.0,0.0,19.03,20.44,0.0,0.0,0.0,0.0,0.0,0.0,0.0,0.0,0.0,0.0,0,0,0,0,0
1993-04-01,0.0,0.0,18.98,20.53,0.0,0.0,0.0,0.0,0.0,0.0,0.0,0.0,0.0,0.0,0,0,0,0,0
1993-05-01,0.0,0.0,0.0,20.02,0.0,0.0,0.0,0.0,0.0,0.0,0.0,0.0,0.0,0.0,0,0,0,0,0
1993-06-01,0.0,0.0,18.48,18.85,0.0,0.0,0.0,0.0,0.0,0.0,0.0,0.0,0.0,0.0,0,0,0,0,0
1993-07-01,0.0,0.0,16.98,17.88,0.0,0.0,0.0,0.0,0.0,0.0,0.0,0.0,0.0,0.0,0,0,0,0,0
1993-08-01,0.0,0.0,0.0,18.29,0.0,0.0,0.0,0.0,0.0,0.0,0.0,0.0,0.0,0.0,0,0,0,0,0
1993-09-01,0.0,0.0,16.55,18.79,0.0,0.0,0.0,0.0,0.0,0.0,0.0,0.0,0.0,0.0,0,0,0,0,0
1993-10-01,0.0,0.0,17.08,16.92,0.0,0.0,0.0,0.0,0.0,0.0,0.0,0.0,0.0,0.0,0,0,0,0,0
1993-11-01,0.0,0.0,15.83,15.43,0.0,0.0,0.0,0.0,0.0,0.0,0.0,0.0,0.0,0.0,0,0,0,0,0
1993-12-01,0.0,0.0,14.43,14.17,0.0,383.243,0.0,0.0,0.0,0.0,0.0,0.0,0.0,0.0,0,0,0,0,0
1994-01-01,550924373.94834,105.934505150941,0.0,15.19,0.0,0.0,2320.981,,5.14167152953361,10.7,23.6,57737.0,15.0,55.0,22 222 736 618,0,345478544300,7 454 972 835,9 390 609 855
1994-02-01,0.0,0.0,15.03,14.48,0.0,0.0,0.0,0.0,0.0,0.0,0.0,0.0,0.0,0.0,0,0,0,0,0
1994-03-01,0.0,0.0,13.45,14.79,0.0,0.0,0.0,0.0,0.0,0.0,0.0,0.0,0.0,0.0,0,0,0,0,0
1994-04-01,0.0,0.0,0.0,16.9,0.0,0.0,0.0,0.0,0.0,0.0,0.0,0.0,0.0,0.0,0,0,0,0,0
1994-05-01,0.0,0.0,0.0,18.31,0.0,0.0,0.0,0.0,0.0,0.0,0.0,0.0,0.0,0.0,0,0,0,0,0
1994-06-01,0.0,0.0,16.4,19.37,0.0,0.0,0.0,0.0,0.0,0.0,0.0,0.0,0.0,0.0,0,0,0,0,0
1994-07-01,0.0,0.0,17.65,19.77,0.0,0.0,0.0,0.0,0.0,0.0,0.0,0.0,0.0,0.0,0,0,0,0,0
1994-08-01,0.0,0.0,19.03,17.56,0.0,0.0,0.0,0.0,0.0,0.0,0.0,0.0,0.0,0.0,0,0,0,0,0
1994-09-01,0.0,0.0,16.03,18.39,0.0,0.0,0.0,0.0,0.0,0.0,0.0,0.0,0.0,0.0,0,0,0,0,0
1994-10-01,0.0,0.0,0.0,18.19,0.0,0.0,0.0,0.0,0.0,0.0,0.0,0.0,0.0,0.0,0,0,0,0,0
1994-11-01,0.0,0.0,17.4,18.05,0.0,0.0,0.0,0.0,0.0,0.0,0.0,0.0,0.0,0.0,0,0,0,0,0
1994-12-01,0.0,0.0,16.98,17.76,0.0,379.48,0.0,0.0,0.0,0.0,0.0,0.0,0.0,0.0,0,0,0,0,0
1995-01-01,334768272.8902,109.375672760875,0.0,18.39,0.0,0.0,2182.708,1469000000.0,6.12358164775523,10.2,22.6,57926.0,15.5,54.0,24 565 566 007,-1,354546319700,8 849 422 506,11 335 099 532
1995-02-01,0.0,0.0,17.05,18.49,0.0,0.0,0.0,0.0,0.0,0.0,0.0,0.0,0.0,0.0,0,0,0,0,0
1995-03-01,0.0,0.0,16.85,19.17,0.0,0.0,0.0,0.0,0.0,0.0,0.0,0.0,0.0,0.0,0,0,0,0,0
1995-04-01,0.0,0.0,0.0,20.38,0.0,0.0,0.0,0.0,0.0,0.0,0.0,0.0,0.0,0.0,0,0,0,0,0
1995-05-01,0.0,0.0,19.38,18.89,0.0,0.0,0.0,0.0,0.0,0.0,0.0,0.0,0.0,0.0,0,0,0,0,0
1995-06-01,0.0,0.0,17.7,17.4,0.0,0.0,0.0,0.0,0.0,0.0,0.0,0.0,0.0,0.0,0,0,0,0,0
1995-07-01,0.0,0.0,0.0,17.56,0.0,0.0,0.0,0.0,0.0,0.0,0.0,0.0,0.0,0.0,0,0,0,0,0
1995-08-01,0.0,0.0,16.1,17.84,0.0,0.0,0.0,0.0,0.0,0.0,0.0,0.0,0.0,0.0,0,0,0,0,0
1995-09-01,0.0,0.0,16.25,17.54,0.0,0.0,0.0,0.0,0.0,0.0,0.0,0.0,0.0,0.0,0,0,0,0,0
1995-10-01,0.0,0.0,0.0,17.64,0.0,0.0,0.0,0.0,0.0,0.0,0.0,0.0,0.0,0.0,0,0,0,0,0
1995-11-01,0.0,0.0,16.53,18.18,0.0,0.0,0.0,0.0,0.0,0.0,0.0,0.0,0.0,0.0,0,0,0,0,0
1995-12-01,0.0,0.0,17.18,19.55,0.0,387.445,0.0,0.0,0.0,0.0,0.0,0.0,0.0,0.0,0,0,0,0,0
1996-01-01,357393801.789474,109.717716473218,0.0,17.74,0.0,0.0,2277.388,1857000000.0,2.98680922773017,10.2,22.1,58107.0,16.0,52.0,27 258 650 972,0,389070152900,9 424 749 951, 10 902 426 721
1996-02-01,0.0,0.0,16.78,19.54,0.0,0.0,0.0,0.0,0.0,0.0,0.0,0.0,0.0,0.0,0,0,0,0,0
1996-03-01,0.0,0.0,18.55,21.47,0.0,0.0,0.0,0.0,0.0,0.0,0.0,0.0,0.0,0.0,0,0,0,0,0
1996-04-01,0.0,0.0,20.8,21.2,0.0,0.0,0.0,0.0,0.0,0.0,0.0,0.0,0.0,0.0,0,0,0,0,0
1996-05-01,0.0,0.0,18.95,19.76,0.0,0.0,0.0,0.0,0.0,0.0,0.0,0.0,0.0,0.0,0,0,0,0,0
1996-06-01,0.0,0.0,0.0,20.92,0.0,0.0,0.0,0.0,0.0,0.0,0.0,0.0,0.0,0.0,0,0,0,0,0
1996-07-01,0.0,0.0,19.77,20.42,0.0,0.0,0.0,0.0,0.0,0.0,0.0,0.0,0.0,0.0,0,0,0,0,0
1996-08-01,0.0,0.0,18.84,22.25,0.0,0.0,0.0,0.0,0.0,0.0,0.0,0.0,0.0,0.0,0,0,0,0,0
1996-09-01,0.0,0.0,0.0,24.38,0.0,0.0,0.0,0.0,0.0,0.0,0.0,0.0,0.0,0.0,0,0,0,0,0
1996-10-01,0.0,0.0,23.18,23.35,0.0,0.0,0.0,0.0,0.0,0.0,0.0,0.0,0.0,0.0,0,0,0,0,0
1996-11-01,0.0,0.0,22.3,23.75,0.0,0.0,0.0,0.0,0.0,0.0,0.0,0.0,0.0,0.0,0,0,0,0,0
1996-12-01,0.0,0.0,0.0,25.92,0.0,369.338,0.0,0.0,0.0,0.0,0.0,0.0,0.0,0.0,0,0,0,0,0
1997-01-01,1079341332.03085,109.345140539962,0.0,24.15,0.0,0.0,2481.466,1649000000.0,1.03819895051614,10.7,24.0,58284.0,16.0,50.0,24 021 747 245,0,385276401600, 9 365 776 467, 10 658 406 550
1997-02-01,0.0,0.0,0.0,20.3,0.0,0.0,0.0,0.0,0.0,0.0,0.0,0.0,0.0,0.0,0,0,0,0,0
1997-03-01,0.0,0.0,0.0,20.41,0.0,0.0,0.0,0.0,0.0,0.0,0.0,0.0,0.0,0.0,0,0,0,0,0
1997-04-01,0.0,0.0,18.15,20.21,1.95,0.0,0.0,0.0,0.0,0.0,0.0,0.0,0.0,0.0,0,0,0,0,0
1997-05-01,0.0,0.0,18.24,20.88,2.19,0.0,0.0,0.0,0.0,0.0,0.0,0.0,0.0,0.0,0,0,0,0,0
1997-06-01,0.0,0.0,0.0,19.8,0.0,0.0,0.0,0.0,0.0,0.0,0.0,0.0,0.0,0.0,0,0,0,0,0
1997-07-01,0.0,0.0,0.0,20.14,2.16,0.0,0.0,0.0,0.0,0.0,0.0,0.0,0.0,0.0,0,0,0,0,0
1997-08-01,0.0,0.0,19.33,19.61,2.24,0.0,0.0,0.0,0.0,0.0,0.0,0.0,0.0,0.0,0,0,0,0,0
1997-09-01,0.0,0.0,0.0,21.18,0.0,0.0,0.0,0.0,0.0,0.0,0.0,0.0,0.0,0.0,0,0,0,0,0
1997-10-01,0.0,0.0,19.87,21.08,3.08,0.0,0.0,0.0,0.0,0.0,0.0,0.0,0.0,0.0,0,0,0,0,0
1997-11-01,0.0,0.0,0.0,19.15,0.0,0.0,0.0,0.0,0.0,0.0,0.0,0.0,0.0,0.0,0,0,0,0,0
1997-12-01,0.0,0.0,18.01,17.64,2.52,288.776,0.0,0.0,0.0,0.0,0.0,0.0,0.0,0.0,0,0,0,0,0
1998-01-01,308712164.430615,112.258845724865,0.0,17.21,0.0,0.0,2547.321,1934000000.0,2.75311330764477,10.3,22.1,58483.0,16.2,48.0,25 198 690 196,0,417544743400,9 784 229 421, 11 452 325 639
1998-02-01,0.0,0.0,0.0,15.44,0.0,0.0,0.0,0.0,0.0,0.0,0.0,0.0,0.0,0.0,0,0,0,0,0
1998-03-01,0.0,0.0,0.0,15.61,0.0,0.0,0.0,0.0,0.0,0.0,0.0,0.0,0.0,0.0,0,0,0,0,0
1998-04-01,0.0,0.0,13.72,15.39,2.45,0.0,0.0,0.0,0.0,0.0,0.0,0.0,0.0,0.0,0,0,0,0,0
1998-05-01,0.0,0.0,14.6,15.2,2.11,0.0,0.0,0.0,0.0,0.0,0.0,0.0,0.0,0.0,0,0,0,0,0
1998-06-01,0.0,0.0,13.66,14.18,2.1,0.0,0.0,0.0,0.0,0.0,0.0,0.0,0.0,0.0,0,0,0,0,0
1998-07-01,0.0,0.0,11.93,14.21,2.46,0.0,0.0,0.0,0.0,0.0,0.0,0.0,0.0,0.0,0,0,0,0,0
1998-08-01,0.0,0.0,0.0,13.34,0.0,0.0,0.0,0.0,0.0,0.0,0.0,0.0,0.0,0.0,0,0,0,0,0
1998-09-01,0.0,0.0,12.11,16.14,1.84,0.0,0.0,0.0,0.0,0.0,0.0,0.0,0.0,0.0,0,0,0,0,0
1998-10-01,0.0,0.0,14.46,14.42,2.33,0.0,0.0,0.0,0.0,0.0,0.0,0.0,0.0,0.0,0,0,0,0,0
1998-11-01,0.0,0.0,0.0,11.22,0.0,0.0,0.0,0.0,0.0,0.0,0.0,0.0,0.0,0.0,0,0,0,0,0
1998-12-01,0.0,0.0,9.87,12.05,1.41,291.357,0.0,0.0,0.0,0.0,0.0,0.0,0.0,0.0,0,0,0,0,0
1999-01-01,826974026.933263,112.256259762548,0.0,12.75,0.0,0.0,2295.56,2177000000.0,0.684782608695643,10.2,23.0,58833.0,16.2,47.0,25 282 683 747,-1,423189626900,10 472 253 114,12 003 458 114
1999-02-01,0.0,0.0,10.81,12.27,1.75,0.0,0.0,0.0,0.0,0.0,0.0,0.0,0.0,0.0,0,0,0,0,0
1999-03-01,0.0,0.0,10.52,16.76,1.65,0.0,0.0,0.0,0.0,0.0,0.0,0.0,0.0,0.0,0,0,0,0,0
1999-04-01,0.0,0.0,14.6,18.66,1.95,0.0,0.0,0.0,0.0,0.0,0.0,0.0,0.0,0.0,0,0,0,0,0
1999-05-01,0.0,0.0,0.0,16.84,0.0,0.0,0.0,0.0,0.0,0.0,0.0,0.0,0.0,0.0,0,0,0,0,0
1999-06-01,0.0,0.0,14.22,19.29,2.34,0.0,0.0,0.0,0.0,0.0,0.0,0.0,0.0,0.0,0,0,0,0,0
1999-07-01,0.0,0.0,17.25,20.53,2.29,0.0,0.0,0.0,0.0,0.0,0.0,0.0,0.0,0.0,0,0,0,0,0
1999-08-01,0.0,0.0,0.0,22.11,0.0,0.0,0.0,0.0,0.0,0.0,0.0,0.0,0.0,0.0,0,0,0,0,0
1999-09-01,0.0,0.0,21.1,24.51,2.71,0.0,0.0,0.0,0.0,0.0,0.0,0.0,0.0,0.0,0,0,0,0,0
1999-10-01,0.0,0.0,22.98,21.75,2.39,0.0,0.0,0.0,0.0,0.0,0.0,0.0,0.0,0.0,0,0,0,0,0
1999-11-01,0.0,0.0,21.32,24.59,2.73,0.0,0.0,0.0,0.0,0.0,0.0,0.0,0.0,0.0,0,0,0,0,0
1999-12-01,0.0,0.0,24.2,25.6,2.17,283.743,0.0,0.0,0.0,0.0,0.0,0.0,0.0,0.0,0,0,0,0,0
2000-01-01,426553283.860634,114.852882754588,0.0,27.64,0.0,0.0,2228.16,2280000000.0,1.89463456763464,9.1,19.0,59233.0,15.8,45.0,23 946 609 618,0,435965565800,10 408 859 646, 12 579 800 085
2000-02-01,0.0,0.0,27.35,30.43,2.81,0.0,0.0,0.0,0.0,0.0,0.0,0.0,0.0,0.0,0,0,0,0,0
2000-03-01,0.0,0.0,29.78,26.9,2.71,0.0,0.0,0.0,0.0,0.0,0.0,0.0,0.0,0.0,0,1,0,0,0
2000-04-01,0.0,0.0,0.0,25.74,0.0,0.0,0.0,0.0,0.0,0.0,0.0,0.0,0.0,0.0,0,0,0,0,0
2000-05-01,0.0,0.0,0.0,29.01,3.16,0.0,0.0,0.0,0.0,0.0,0.0,0.0,0.0,0.0,0,0,0,0,0
2000-06-01,0.0,0.0,29.69,32.5,4.39,0.0,0.0,0.0,0.0,0.0,0.0,0.0,0.0,0.0,0,0,0,0,0
2000-07-01,0.0,0.0,0.0,27.43,0.0,0.0,0.0,0.0,0.0,0.0,0.0,0.0,0.0,0.0,0,0,0,0,0
2000-08-01,0.0,0.0,25.24,33.12,3.78,0.0,0.0,0.0,0.0,0.0,0.0,0.0,0.0,0.0,0,0,0,0,0
2000-09-01,0.0,0.0,35.09,30.84,4.7,0.0,0.0,0.0,0.0,0.0,0.0,0.0,0.0,0.0,0,0,0,0,0
2000-10-01,0.0,0.0,0.0,32.7,0.0,0.0,0.0,0.0,0.0,0.0,0.0,0.0,0.0,0.0,0,0,0,0,0
2000-11-01,0.0,0.0,31.62,33.82,4.4,0.0,0.0,0.0,0.0,0.0,0.0,0.0,0.0,0.0,0,0,0,0,0
2000-12-01,0.0,0.0,31.59,26.8,6.53,271.892,0.0,0.0,0.0,0.0,0.0,0.0,0.0,0.0,0,0,0,0,0
2001-01-01,2824557251.52006,110.208070655258,0.0,28.66,0.0,0.0,1947.453,2966000000.0,0.619801875297975,7.8,16.8,59657.0,15.3,44.5,22 688 440 884,0,459390531400,11 131 243 438,12 314 903 926
2001-02-01,0.0,0.0,27.17,27.39,5.82,0.0,0.0,0.0,0.0,0.0,0.0,0.0,0.0,0.0,0,0,0,0,0
2001-03-01,0.0,0.0,24.76,26.29,5.25,0.0,0.0,0.0,0.0,0.0,0.0,0.0,0.0,0.0,0,0,0,0,0
2001-04-01,0.0,0.0,0.0,28.46,0.0,0.0,0.0,0.0,0.0,0.0,0.0,0.0,0.0,0.0,0,0,0,0,0
2001-05-01,0.0,0.0,27.31,28.37,4.55,0.0,0.0,0.0,0.0,0.0,0.0,0.0,0.0,0.0,0,0,0,0,0
2001-06-01,0.0,0.0,28.86,26.25,3.7,0.0,0.0,0.0,0.0,0.0,0.0,0.0,0.0,0.0,0,0,0,0,0
2001-07-01,0.0,0.0,0.0,26.35,0.0,0.0,0.0,0.0,0.0,0.0,0.0,0.0,0.0,0.0,0,0,0,0,0
2001-08-01,0.0,0.0,24.23,27.2,3.27,0.0,0.0,0.0,0.0,0.0,0.0,0.0,0.0,0.0,0,0,0,0,0
2001-09-01,0.0,0.0,0.0,23.43,0.0,0.0,0.0,0.0,0.0,0.0,0.0,0.0,0.0,0.0,0,0,0,0,0
2001-10-01,0.0,0.0,21.22,21.18,1.74,0.0,0.0,0.0,0.0,0.0,0.0,0.0,0.0,0.0,0,0,0,0,0
2001-11-01,0.0,0.0,19.39,19.44,2.99,0.0,0.0,0.0,0.0,0.0,0.0,0.0,0.0,0.0,0,0,0,0,0
2001-12-01,0.0,0.0,0.0,19.84,0.0,275.992,0.0,0.0,0.0,0.0,0.0,0.0,0.0,0.0,0,0,0,0,0
2002-01-01,480355698.049863,109.710623885148,0.0,19.48,0.0,0.0,1605.878,3157000000.0,2.79561966936936,7.8,17.5,60069.0,14.0,44.0,24 432 734 289,0,478055151000,12 213 885 546,13 353 797 750
2002-02-01,0.0,0.0,19.7,21.74,2.28,0.0,0.0,0.0,0.0,0.0,0.0,0.0,0.0,0.0,0,0,0,0,0
2002-03-01,0.0,0.0,21.83,26.31,2.51,0.0,0.0,0.0,0.0,0.0,0.0,0.0,0.0,0.0,0,0,0,0,0
2002-04-01,0.0,0.0,26.06,27.29,3.43,0.0,0.0,0.0,0.0,0.0,0.0,0.0,0.0,0.0,0,0,0,0,0
2002-05-01,0.0,0.0,26.67,25.31,3.79,0.0,0.0,0.0,0.0,0.0,0.0,0.0,0.0,0.0,0,0,0,0,0
2002-06-01,0.0,0.0,0.0,26.86,0.0,0.0,0.0,0.0,0.0,0.0,0.0,0.0,0.0,0.0,0,0,0,0,0
2002-07-01,0.0,0.0,25.65,27.02,3.28,0.0,0.0,0.0,0.0,0.0,0.0,0.0,0.0,0.0,0,0,0,0,0
2002-08-01,0.0,0.0,25.79,28.98,3.07,0.0,0.0,0.0,0.0,0.0,0.0,0.0,0.0,0.0,0,0,0,0,0
2002-09-01,0.0,0.0,0.0,30.45,0.0,0.0,0.0,0.0,0.0,0.0,0.0,0.0,0.0,0.0,0,0,0,0,0
2002-10-01,0.0,0.0,29.42,27.22,4.41,0.0,0.0,0.0,0.0,0.0,0.0,0.0,0.0,0.0,0,0,0,0,0
2002-11-01,0.0,0.0,25.78,26.89,4.07,0.0,0.0,0.0,0.0,0.0,0.0,0.0,0.0,0.0,0,0,0,0,0
2002-12-01,0.0,0.0,0.0,31.2,0.0,333.3,0.0,0.0,0.0,0.0,0.0,0.0,0.0,0.0,0,0,0,0,0
2003-01-01,2312829823.25089,108.886038897886,0.0,33.51,0.0,0.0,2344.415,3802000000.0,1.16773367477592,8.4,19.1,60475.0,13.0,43.5,29 604 459 201,0,515032672000,14 319 608 062, 16 048 236 121
2003-02-01,0.0,0.0,0.0,36.6,0.0,0.0,0.0,0.0,0.0,0.0,0.0,0.0,0.0,0.0,0,0,0,0,0
2003-03-01,0.0,0.0,0.0,31.04,0.0,0.0,0.0,0.0,0.0,0.0,0.0,0.0,0.0,0.0,0,0,0,0,0
2003-04-01,0.0,0.0,27.94,25.8,4.9,0.0,0.0,0.0,0.0,0.0,0.0,0.0,0.0,0.0,0,0,0,0,0
2003-05-01,0.0,0.0,23.79,29.56,5.32,0.0,0.0,0.0,0.0,0.0,0.0,0.0,0.0,0.0,0,0,0,0,0
2003-06-01,0.0,0.0,0.0,30.19,0.0,0.0,0.0,0.0,0.0,0.0,0.0,0.0,0.0,0.0,0,0,0,0,0
2003-07-01,0.0,0.0,28.33,30.54,5.22,0.0,0.0,0.0,0.0,0.0,0.0,0.0,0.0,0.0,0,0,0,0,0
2003-08-01,0.0,0.0,29.63,31.57,4.71,0.0,0.0,0.0,0.0,0.0,0.0,0.0,0.0,0.0,0,0,0,0,0
2003-09-01,0.0,0.0,29.64,29.2,0.0,0.0,0.0,0.0,0.0,0.0,0.0,0.0,0.0,0.0,0,0,0,0,0
2003-10-01,0.0,0.0,27.98,29.11,4.47,0.0,0.0,0.0,0.0,0.0,0.0,0.0,0.0,0.0,0,0,0,0,0
2003-11-01,0.0,0.0,0.0,30.41,0.0,0.0,0.0,0.0,0.0,0.0,0.0,0.0,0.0,0.0,0,0,0,0,0
2003-12-01,0.0,0.0,28.17,32.52,5.02,407.674,0.0,0.0,0.0,0.0,0.0,0.0,0.0,0.0,0,0,0,0,0
2004-01-01,893325392.835825,106.986144431934,0.0,33.05,0.0,0.0,2156.79,4540000000.0,1.49344403381774,9.0,21.6,60927.0,12.0,43.0,33 713 715 716,0,557218085600,16 759 410 599,19 968 080 463
2004-02-01,0.0,0.0,0.0,36.16,0.0,0.0,0.0,0.0,0.0,0.0,0.0,0.0,0.0,0.0,0,0,0,0,0
2004-03-01,0.0,0.0,33.34,35.76,5.17,0.0,0.0,0.0,0.0,0.0,0.0,0.0,0.0,0.0,0,0,0,0,0
2004-04-01,0.0,0.0,32.59,37.38,5.82,0.0,0.0,0.0,0.0,0.0,0.0,0.0,0.0,0.0,0,0,0,0,0
2004-05-01,0.0,0.0,0.0,39.88,0.0,0.0,0.0,0.0,0.0,0.0,0.0,0.0,0.0,0.0,0,0,0,0,0
2004-06-01,0.0,0.0,39.05,37.05,6.45,0.0,0.0,0.0,0.0,0.0,0.0,0.0,0.0,0.0,0,0,0,0,0
2004-07-01,0.0,0.0,35.58,43.8,5.95,0.0,0.0,0.0,0.0,0.0,0.0,0.0,0.0,0.0,0,1,0,0,0
2004-08-01,0.0,0.0,0.0,42.12,0.0,0.0,0.0,0.0,0.0,0.0,0.0,0.0,0.0,0.0,0,0,0,0,0
2004-09-01,0.0,0.0,40.96,49.64,5.02,0.0,0.0,0.0,0.0,0.0,0.0,0.0,0.0,0.0,0,0,0,0,0
2004-10-01,0.0,0.0,46.86,51.76,5.38,0.0,0.0,0.0,0.0,0.0,0.0,0.0,0.0,0.0,0,0,0,0,0
2004-11-01,0.0,0.0,46.84,49.13,6.98,0.0,0.0,0.0,0.0,0.0,0.0,0.0,0.0,0.0,0,0,0,0,0
2004-12-01,0.0,0.0,41.19,43.45,6.78,442.974,0.0,0.0,0.0,0.0,0.0,0.0,0.0,0.0,0,0,0,0,0
2005-01-01,1670609688.92878,104.046224804332,0.0,48.2,0.0,0.0,2103.325,5426000000.0,0.982641660015951,8.6,21.5,61365.0,11.0,41.0,35 691 297 865,0,586254141900, 19 275 921 048,23 064 213 862
2005-02-01,0.0,0.0,45.12,51.75,6.28,0.0,0.0,0.0,0.0,0.0,0.0,0.0,0.0,0.0,0,0,0,0,0
2005-03-01,0.0,0.0,50.47,55.4,6.63,0.0,0.0,0.0,0.0,0.0,0.0,0.0,0.0,0.0,0,0,0,0,0
2005-04-01,0.0,0.0,54.14,49.72,7.57,0.0,0.0,0.0,0.0,0.0,0.0,0.0,0.0,0.0,0,0,0,0,0
2005-05-01,0.0,0.0,0.0,51.97,0.0,0.0,0.0,0.0,0.0,0.0,0.0,0.0,0.0,0.0,0,0,0,0,0
2005-06-01,0.0,0.0,50.46,56.5,6.36,0.0,0.0,0.0,0.0,0.0,0.0,0.0,0.0,0.0,0,0,0,0,0
2005-07-01,0.0,0.0,56.41,60.57,7.01,0.0,0.0,0.0,0.0,0.0,0.0,0.0,0.0,0.0,0,0,0,0,0
2005-08-01,0.0,0.0,60.56,68.94,8.029999999999998,0.0,0.0,0.0,0.0,0.0,0.0,0.0,0.0,0.0,0,0,0,0,0
2005-09-01,0.0,0.0,66.79,66.24,11.36,0.0,0.0,0.0,0.0,0.0,0.0,0.0,0.0,0.0,0,0,0,0,0
2005-10-01,0.0,0.0,0.0,59.76,0.0,0.0,0.0,0.0,0.0,0.0,0.0,0.0,0.0,0.0,0,0,0,0,0
2005-11-01,0.0,0.0,56.69,57.32,10.8,0.0,0.0,0.0,0.0,0.0,0.0,0.0,0.0,0.0,0,0,0,0,0
2005-12-01,0.0,0.0,53.65,61.04,12.58,509.423,0.0,0.0,0.0,0.0,0.0,0.0,0.0,0.0,0,0,0,0,0
2006-01-01,2460787164.18439,104.53331886201,0.0,67.92,0.0,0.0,1808.416,6900000000.0,3.28476166954811,9.2,24.1,61765.0,10.0,38.5,39 291 213 692,0,639874376400,22 483 592 810, 26 592 143 477
2006-02-01,0.0,0.0,65.64,61.41,8.71,0.0,0.0,0.0,0.0,0.0,0.0,0.0,0.0,0.0,0,0,0,0,0
2006-03-01,0.0,0.0,61.12,66.63,6.62,0.0,0.0,0.0,0.0,0.0,0.0,0.0,0.0,0.0,0,0,0,0,0
2006-04-01,0.0,0.0,0.0,71.88,0.0,0.0,0.0,0.0,0.0,0.0,0.0,0.0,0.0,0.0,0,0,0,0,0
2006-05-01,0.0,0.0,73.37,71.29,6.53,0.0,0.0,0.0,0.0,0.0,0.0,0.0,0.0,0.0,0,0,0,0,0
2006-06-01,0.0,0.0,68.77,73.93,6.25,0.0,0.0,0.0,0.0,0.0,0.0,0.0,0.0,0.0,0,0,0,0,0
2006-07-01,0.0,0.0,0.0,74.4,0.0,0.0,0.0,0.0,0.0,0.0,0.0,0.0,0.0,0.0,0,0,0,0,0
2006-08-01,0.0,0.0,76.39,70.26,8.66,0.0,0.0,0.0,0.0,0.0,0.0,0.0,0.0,0.0,0,0,0,0,0
2006-09-01,0.0,0.0,70.49,62.91,5.24,0.0,0.0,0.0,0.0,0.0,0.0,0.0,0.0,0.0,0,0,0,0,0
2006-10-01,0.0,0.0,0.0,58.73,0.0,0.0,0.0,0.0,0.0,0.0,0.0,0.0,0.0,0.0,0,0,0,0,0
2006-11-01,0.0,0.0,56.37,63.13,7.15,0.0,0.0,0.0,0.0,0.0,0.0,0.0,0.0,0.0,0,0,0,0,0
2006-12-01,0.0,0.0,64.74,61.05,8.42,629.513,0.0,0.0,0.0,0.0,0.0,0.0,0.0,0.0,0,0,0,0,0
2007-01-01,2825801376.44064,103.61013495078,0.0,58.14,0.0,0.0,2051.088,8307000000.0,2.04208512673344,8.5,22.5,62110.0,8.9,37.0,45 799 407 812,-1,708034000000,27 325 793 519,34 711 235 493
2007-02-01,0.0,0.0,56.74,61.79,7.929999999999999,0.0,0.0,0.0,0.0,0.0,0.0,0.0,0.0,0.0,0,0,0,0,0
2007-03-01,0.0,0.0,61.18,65.87,7.07,0.0,0.0,0.0,0.0,0.0,0.0,0.0,0.0,0.0,0,0,0,0,0
2007-04-01,0.0,0.0,0.0,65.71,0.0,0.0,0.0,0.0,0.0,0.0,0.0,0.0,0.0,0.0,0,0,0,0,0
2007-05-01,0.0,0.0,67.4,64.01,7.639999999999999,0.0,0.0,0.0,0.0,0.0,0.0,0.0,0.0,0.0,0,0,0,0,0
2007-06-01,0.0,0.0,68.65,70.68,7.57,0.0,0.0,0.0,0.0,0.0,0.0,0.0,0.0,0.0,0,0,0,0,0
2007-07-01,0.0,0.0,0.0,78.21,0.0,0.0,0.0,0.0,0.0,0.0,0.0,0.0,0.0,0.0,0,0,0,0,0
2007-08-01,0.0,0.0,77.11,74.04,6.19,0.0,0.0,0.0,0.0,0.0,0.0,0.0,0.0,0.0,0,0,0,0,0
2007-09-01,0.0,0.0,0.0,81.66,0.0,0.0,0.0,0.0,0.0,0.0,0.0,0.0,0.0,0.0,0,0,0,0,0
2007-10-01,0.0,0.0,78.33,94.53,6.07,0.0,0.0,0.0,0.0,0.0,0.0,0.0,0.0,0.0,0,0,0,0,0
2007-11-01,0.0,0.0,90.36,88.71,7.09,0.0,0.0,0.0,0.0,0.0,0.0,0.0,0.0,0.0,0,0,0,0,0
2007-12-01,0.0,0.0,0.0,95.98,0.0,803.618,0.0,0.0,0.0,0.0,0.0,0.0,0.0,0.0,0,0,0,0,0
2008-01-01,2466288357.37234,103.349425906379,0.0,91.75,0.0,0.0,2511.896,8885000000.0,3.71484311494064,8.6,18.9,62443.0,8.5,36.0,53 960 962 927,0,818682000000,33 064 161 825, 46 189 159 809
2008-02-01,0.0,0.0,91.41,101.84,7.88,0.0,0.0,0.0,0.0,0.0,0.0,0.0,0.0,0.0,0,0,0,0,0
2008-03-01,0.0,0.0,0.0,101.58,0.0,0.0,0.0,0.0,0.0,0.0,0.0,0.0,0.0,0.0,0,0,0,0,0
2008-04-01,0.0,0.0,98.69,113.46,9.920000000000002,0.0,0.0,0.0,0.0,0.0,0.0,0.0,0.0,0.0,0,0,0,0,0
2008-05-01,0.0,0.0,107.3,127.35,10.66,0.0,0.0,0.0,0.0,0.0,0.0,0.0,0.0,0.0,0,0,0,0,0
2008-06-01,0.0,0.0,0.0,140.0,0.0,0.0,0.0,0.0,0.0,0.0,0.0,0.0,0.0,0.0,0,0,0,0,0
2008-07-01,0.0,0.0,140.67,124.08,13.28,0.0,0.0,0.0,0.0,0.0,0.0,0.0,0.0,0.0,0,0,0,0,0
2008-08-01,0.0,0.0,124.16,115.46,9.05,0.0,0.0,0.0,0.0,0.0,0.0,0.0,0.0,0.0,0,0,0,0,0
2008-09-01,0.0,0.0,0.0,100.64,0.0,0.0,0.0,0.0,0.0,0.0,0.0,0.0,0.0,0.0,0,0,0,0,0
2008-10-01,0.0,0.0,92.19,67.81,7.41,0.0,0.0,0.0,0.0,0.0,0.0,0.0,0.0,0.0,0,0,0,0,0
2008-11-01,0.0,0.0,0.0,54.43,0.0,0.0,0.0,0.0,0.0,0.0,0.0,0.0,0.0,0.0,0,0,0,0,0
2008-12-01,0.0,0.0,47.58,44.6,6.48,819.94,0.0,0.0,0.0,0.0,0.0,0.0,0.0,0.0,0,0,0,0,0
2009-01-01,1970323920.01346,104.817799100385,0.0,41.68,0.0,0.0,2208.918,7980000000.0,0.971862998667636,9.2,24.1,62742.0,8.0,35.0,54 458 924 427,0,837618000000,26 014 198 657,37 077 112 112
2009-02-01,0.0,0.0,0.0,44.76,0.0,0.0,0.0,0.0,0.0,0.0,0.0,0.0,0.0,0.0,0,0,0,0,0
2009-03-01,0.0,0.0,0.0,49.66,0.0,0.0,0.0,0.0,0.0,0.0,0.0,0.0,0.0,0.0,0,0,0,0,0
2009-04-01,0.0,0.0,45.92,51.12,3.56,0.0,0.0,0.0,0.0,0.0,0.0,0.0,0.0,0.0,0,0,0,0,0
2009-05-01,0.0,0.0,51.75,66.31,3.3,0.0,0.0,0.0,0.0,0.0,0.0,0.0,0.0,0.0,0,0,0,0,0
2009-06-01,0.0,0.0,66.6,69.89,3.86,0.0,0.0,0.0,0.0,0.0,0.0,0.0,0.0,0.0,0,0,0,0,0
2009-07-01,0.0,0.0,68.52,69.45,3.63,0.0,0.0,0.0,0.0,0.0,0.0,0.0,0.0,0.0,0,0,0,0,0
2009-08-01,0.0,0.0,0.0,69.96,0.0,0.0,0.0,0.0,0.0,0.0,0.0,0.0,0.0,0.0,0,0,0,0,0
2009-09-01,0.0,0.0,68.78,70.61,2.36,0.0,0.0,0.0,0.0,0.0,0.0,0.0,0.0,0.0,0,0,0,0,0
2009-10-01,0.0,0.0,67.12,77.0,2.91,0.0,0.0,0.0,0.0,0.0,0.0,0.0,0.0,0.0,0,0,0,0,0
2009-11-01,0.0,0.0,0.0,77.28,0.0,0.0,0.0,0.0,0.0,0.0,0.0,0.0,0.0,0.0,0,0,0,0,0
2009-12-01,0.0,0.0,78.68,79.36,4.3,1135.012,0.0,0.0,0.0,0.0,0.0,0.0,0.0,0.0,0,0,0,0,0
2010-01-01,1240625859.11404,100.0,0.0,72.89,0.0,0.0,2163.023,8176000000.0,0.993557401226392,9.5,24.6,63049.0,7.5,34.0,54 773 832 213,1,869219000000,30 046 721 233,40 097 025 623
2010-02-01,0.0,0.0,71.58,79.66,5.3,0.0,0.0,0.0,0.0,0.0,0.0,0.0,0.0,0.0,0,0,0,0,0
2010-03-01,0.0,0.0,76.07,83.76,4.83,0.0,0.0,0.0,0.0,0.0,0.0,0.0,0.0,0.0,0,0,0,0,0
2010-04-01,0.0,0.0,82.63,86.15,3.72,0.0,0.0,0.0,0.0,0.0,0.0,0.0,0.0,0.0,0,0,0,0,0
2010-05-01,0.0,0.0,0.0,73.97,0.0,0.0,0.0,0.0,0.0,0.0,0.0,0.0,0.0,0.0,0,0,0,0,0
2010-06-01,0.0,0.0,73.08,75.63,4.39,0.0,0.0,0.0,0.0,0.0,0.0,0.0,0.0,0.0,0,0,0,0,0
2010-07-01,0.0,0.0,71.73,78.95,4.54,0.0,0.0,0.0,0.0,0.0,0.0,0.0,0.0,0.0,0,0,0,0,0
2010-08-01,0.0,0.0,0.0,71.92,0.0,0.0,0.0,0.0,0.0,0.0,0.0,0.0,0.0,0.0,0,0,0,0,0
2010-09-01,0.0,0.0,75.53,79.97,3.73,0.0,0.0,0.0,0.0,0.0,0.0,0.0,0.0,0.0,0,0,0,0,0
2010-10-01,0.0,0.0,82.69,81.43,3.67,0.0,0.0,0.0,0.0,0.0,0.0,0.0,0.0,0.0,0,0,0,0,0
2010-11-01,0.0,0.0,84.06,84.11,3.42,0.0,0.0,0.0,0.0,0.0,0.0,0.0,0.0,0.0,0,0,0,0,0
2010-12-01,0.0,0.0,88.56,91.38,4.21,1393.512,0.0,0.0,0.0,0.0,0.0,0.0,0.0,0.0,0,0,0,0,0
2011-01-01,2521362080.65559,97.5005765570053,0.0,92.19,0.0,0.0,1993.111,9101000000.0,0.9069249096918,10.3,24.8,63354.0,6.2,32.0,60 365 333 210,-1,935107000000,35 175 698 018,49 394 706 346
2011-02-01,0.0,0.0,100.4,96.97,4.42,0.0,0.0,0.0,0.0,0.0,0.0,0.0,0.0,0.0,0,0,0,0,0
2011-03-01,0.0,0.0,113.34,106.72,3.93,0.0,0.0,0.0,0.0,0.0,0.0,0.0,0.0,0.0,0,0,0,0,0
2011-04-01,0.0,0.0,118.63,113.93,4.32,0.0,0.0,0.0,0.0,0.0,0.0,0.0,0.0,0.0,0,0,0,0,0
2011-05-01,0.0,0.0,0.0,102.7,0.0,0.0,0.0,0.0,0.0,0.0,0.0,0.0,0.0,0.0,0,0,0,0,0
2011-06-01,0.0,0.0,116.15,95.42,4.62,0.0,0.0,0.0,0.0,0.0,0.0,0.0,0.0,0.0,0,0,0,0,0
2011-07-01,0.0,0.0,109.82,95.7,4.33,0.0,0.0,0.0,0.0,0.0,0.0,0.0,0.0,0.0,0,0,0,0,0
2011-08-01,0.0,0.0,116.37,88.81,4.29,0.0,0.0,0.0,0.0,0.0,0.0,0.0,0.0,0.0,0,0,0,0,0
2011-09-01,0.0,0.0,116.43,79.2,4.18,0.0,0.0,0.0,0.0,0.0,0.0,0.0,0.0,0.0,0,0,0,0,0
2011-10-01,0.0,0.0,0.0,93.19,0.0,0.0,0.0,0.0,0.0,0.0,0.0,0.0,0.0,0.0,0,0,0,0,0
2011-11-01,0.0,0.0,106.97,100.36,3.49,0.0,0.0,0.0,0.0,0.0,0.0,0.0,0.0,0.0,0,0,0,0,0
2011-12-01,0.0,0.0,108.83,98.83,3.49,1652.725,0.0,0.0,0.0,0.0,0.0,0.0,0.0,0.0,0,0,0,0,0
2012-01-01,2841954371.38454,95.3824034143453,0.0,98.48,0.0,0.0,2252.307,8491000000.0,1.28712240079219,10.1,24.2,63675.0,5.8,31.5,59 362 608 210,0,977317000000,34 323 797 625, 49 324 878 353
2012-02-01,0.0,0.0,111.96,107.07,2.32,0.0,0.0,0.0,0.0,0.0,0.0,0.0,0.0,0.0,0,0,0,0,0
2012-03-01,0.0,0.0,125.76,103.02,2.45,0.0,0.0,0.0,0.0,0.0,0.0,0.0,0.0,0.0,0,0,0,0,0
2012-04-01,0.0,0.0,0.0,104.87,0.0,0.0,0.0,0.0,0.0,0.0,0.0,0.0,0.0,0.0,0,0,0,0,0
2012-05-01,0.0,0.0,119.57,86.53,2.29,0.0,0.0,0.0,0.0,0.0,0.0,0.0,0.0,0.0,0,0,0,0,0
2012-06-01,0.0,0.0,98.63,84.96,2.24,0.0,0.0,0.0,0.0,0.0,0.0,0.0,0.0,0.0,0,0,0,0,0
2012-07-01,0.0,0.0,0.0,88.06,0.0,0.0,0.0,0.0,0.0,0.0,0.0,0.0,0.0,0.0,0,0,0,0,0
2012-08-01,0.0,0.0,106.78,96.47,3.2,0.0,0.0,0.0,0.0,0.0,0.0,0.0,0.0,0.0,0,0,0,0,0
2012-09-01,0.0,0.0,0.0,92.19,0.0,0.0,0.0,0.0,0.0,0.0,0.0,0.0,0.0,0.0,0,0,0,0,0
2012-10-01,0.0,0.0,112.58,86.24,3.19,0.0,0.0,0.0,0.0,0.0,0.0,0.0,0.0,0.0,0,0,0,0,0
2012-11-01,0.0,0.0,108.84,88.91,3.5,0.0,0.0,0.0,0.0,0.0,0.0,0.0,0.0,0.0,0,0,0,0,0
2012-12-01,0.0,0.0,0.0,91.82,0.0,1687.342,0.0,0.0,0.0,0.0,0.0,0.0,0.0,0.0,0,0,0,0,0
2013-01-01,3360909924.36421,97.0111242346559,0.0,97.49,0.0,0.0,2134.979,8201000000.0,1.88065466724086,10.3,27.3,64001.0,5.5,31.0,64 022 930 689,0,1027810000000,35 014 914 037, 50 467 526 992
2013-02-01,0.0,0.0,115.55,92.05,3.34,0.0,0.0,0.0,0.0,0.0,0.0,0.0,0.0,0.0,0,0,0,0,0
2013-03-01,0.0,0.0,110.14,97.23,3.54,0.0,0.0,0.0,0.0,0.0,0.0,0.0,0.0,0.0,0,0,0,0,0
2013-04-01,0.0,0.0,108.76,93.46,3.97,0.0,0.0,0.0,0.0,0.0,0.0,0.0,0.0,0.0,0,0,0,0,0
2013-05-01,0.0,0.0,98.34,91.97,4.31,0.0,0.0,0.0,0.0,0.0,0.0,0.0,0.0,0.0,0,0,0,0,0
2013-06-01,0.0,0.0,0.0,96.56,0.0,0.0,0.0,0.0,0.0,0.0,0.0,0.0,0.0,0.0,0,0,0,0,0
2013-07-01,0.0,0.0,103.19,105.03,3.52,0.0,0.0,0.0,0.0,0.0,0.0,0.0,0.0,0.0,0,0,0,0,0
2013-08-01,0.0,0.0,109.94,107.65,3.44,0.0,0.0,0.0,0.0,0.0,0.0,0.0,0.0,0.0,0,0,0,0,0
2013-09-01,0.0,0.0,0.0,102.33,0.0,0.0,0.0,0.0,0.0,0.0,0.0,0.0,0.0,0.0,0,0,0,0,0
2013-10-01,0.0,0.0,107.32,96.38,3.56,0.0,0.0,0.0,0.0,0.0,0.0,0.0,0.0,0.0,0,0,0,0,0
2013-11-01,0.0,0.0,105.78,92.72,3.45,0.0,0.0,0.0,0.0,0.0,0.0,0.0,0.0,0.0,0,0,0,0,0
2013-12-01,0.0,0.0,0.0,98.42,0.0,1221.588,0.0,0.0,0.0,0.0,0.0,0.0,0.0,0.0,0,0,0,0,0
2014-01-01,3525384612.43801,97.079889027308,0.0,97.49,0.0,0.0,2026.31,9070000000.0,0.442310053557048,10.1,25.2,64283.0,4.8,32.0,73 561 171 768,0,1117899000000, 35 897 680 524, 49 749 730 471
2014-02-01,0.0,0.0,0.0,102.59,0.0,0.0,0.0,0.0,0.0,0.0,0.0,0.0,0.0,0.0,0,0,0,0,0
2014-03-01,0.0,0.0,0.0,101.58,0.0,0.0,0.0,0.0,0.0,0.0,0.0,0.0,0.0,0.0,0,0,0,0,0
2014-04-01,0.0,0.0,105.7,99.74,4.39,0.0,0.0,0.0,0.0,0.0,0.0,0.0,0.0,0.0,0,0,0,0,0
2014-05-01,0.0,0.0,108.63,102.71,4.79,0.0,0.0,0.0,0.0,0.0,0.0,0.0,0.0,0.0,0,0,0,0,0
2014-06-01,0.0,0.0,0.0,105.37,0.0,0.0,0.0,0.0,0.0,0.0,0.0,0.0,0.0,0.0,0,0,0,0,0
2014-07-01,0.0,0.0,110.84,98.17,4.47,0.0,0.0,0.0,0.0,0.0,0.0,0.0,0.0,0.0,0,0,0,0,0
2014-08-01,0.0,0.0,103.45,95.96,3.77,0.0,0.0,0.0,0.0,0.0,0.0,0.0,0.0,0.0,0,0,0,0,0
2014-09-01,0.0,0.0,0.0,91.16,0.0,0.0,0.0,0.0,0.0,0.0,0.0,0.0,0.0,0.0,0,0,0,0,0
2014-10-01,0.0,0.0,94.57,80.54,4.14,0.0,0.0,0.0,0.0,0.0,0.0,0.0,0.0,0.0,0,0,0,0,0
2014-11-01,0.0,0.0,0.0,66.15,0.0,0.0,0.0,0.0,0.0,0.0,0.0,0.0,0.0,0.0,0,0,0,0,0
2014-12-01,0.0,0.0,70.87,53.27,4.3,1200.44,0.0,0.0,0.0,0.0,0.0,0.0,0.0,0.0,0,0,0,0,0
2015-01-01,3252913902.35666,96.8373008046638,0.0,48.24,0.0,0.0,2061.939,7765000000.0,1.5579071134626,10.3,26.2,64456.0,4.8,31.0,65 103 681 270,0,1156789000000,33 119 569 274, 41 176 430 828
2015-02-01,0.0,0.0,0.0,49.76,0.0,0.0,0.0,0.0,0.0,0.0,0.0,0.0,0.0,0.0,0,0,0,0,0
2015-03-01,0.0,0.0,0.0,47.6,0.0,0.0,0.0,0.0,0.0,0.0,0.0,0.0,0.0,0.0,0,0,0,0,0
2015-04-01,0.0,0.0,55.73,59.63,2.62,0.0,0.0,0.0,0.0,0.0,0.0,0.0,0.0,0.0,0,0,0,0,0
2015-05-01,0.0,0.0,64.13,60.3,2.68,0.0,0.0,0.0,0.0,0.0,0.0,0.0,0.0,0.0,0,0,0,0,0
2015-06-01,0.0,0.0,62.87,59.47,2.78,0.0,0.0,0.0,0.0,0.0,0.0,0.0,0.0,0.0,0,0,0,0,0
2015-07-01,0.0,0.0,61.65,47.12,2.78,0.0,0.0,0.0,0.0,0.0,0.0,0.0,0.0,0.0,0,0,0,0,0
2015-08-01,0.0,0.0,0.0,49.2,0.0,0.0,0.0,0.0,0.0,0.0,0.0,0.0,0.0,0.0,0,0,0,0,0
2015-09-01,0.0,0.0,48.8,45.09,2.7,0.0,0.0,0.0,0.0,0.0,0.0,0.0,0.0,0.0,0,0,0,0,0
2015-10-01,0.0,0.0,47.48,46.59,2.37,0.0,0.0,0.0,0.0,0.0,0.0,0.0,0.0,0.0,0,0,0,0,0
2015-11-01,0.0,0.0,0.0,41.65,0.0,0.0,0.0,0.0,0.0,0.0,0.0,0.0,0.0,0.0,0,0,0,0,0
2015-12-01,0.0,0.0,42.97,37.04,2.11,1068.317,0.0,0.0,0.0,0.0,0.0,0.0,0.0,0.0,0,0,0,0,0
2016-01-01,2153363904.93515,98.9771497941394,0.0,33.62,2.28,0.0,2308.663,7922000000.0,1.63531114327064,10.2,26.2,64634.0,4.8,30.0,66 200 416 906,0,1199882000000,34 291 493 550, 45 062 154 626
2016-02-01,0.0,0.0,32.45,33.75,2.28,0.0,0.0,0.0,0.0,0.0,0.0,0.0,0.0,0.0,0,0,0,0,0
2016-03-01,0.0,0.0,35.73,38.34,1.57,0.0,0.0,0.0,0.0,0.0,0.0,0.0,0.0,0.0,0,0,0,0,0
2016-04-01,0.0,0.0,36.42,45.92,1.88,0.0,0.0,0.0,0.0,0.0,0.0,0.0,0.0,0.0,0,0,0,0,0
2016-05-01,0.0,0.0,0.0,49.1,0.0,0.0,0.0,0.0,0.0,0.0,0.0,0.0,0.0,0.0,0,0,0,0,0
2016-06-01,0.0,0.0,48.81,48.33,2.25,0.0,0.0,0.0,0.0,0.0,0.0,0.0,0.0,0.0,0,0,0,0,0
2016-07-01,0.0,0.0,47.65,41.6,2.89,0.0,0.0,0.0,0.0,0.0,0.0,0.0,0.0,0.0,0,0,0,0,0
2016-08-01,0.0,0.0,40.17,44.7,2.97,0.0,0.0,0.0,0.0,0.0,0.0,0.0,0.0,0.0,0,0,0,0,0
2016-09-01,0.0,0.0,45.05,48.24,2.95,0.0,0.0,0.0,0.0,0.0,0.0,0.0,0.0,0.0,0,0,0,0,0
2016-10-01,0.0,0.0,0.0,46.86,0.0,0.0,0.0,0.0,0.0,0.0,0.0,0.0,0.0,0.0,0,0,0,0,0
2016-11-01,0.0,0.0,45.77,49.44,2.53,0.0,0.0,0.0,0.0,0.0,0.0,0.0,0.0,0.0,0,0,0,0,0
2016-12-01,0.0,0.0,52.28,53.72,3.32,1152.165,0.0,0.0,0.0,0.0,0.0,0.0,0.0,0.0,0,0,0,0,0
2017-01-01,2680109856.21237,98.6489005203366,0.0,52.81,0.0,0.0,1740.91,9086000000.0,0.754663249323619,9.6,23.9,64833.0,4.9,29.0,70 318 730 978,0,1251841000000,38 651 885 813,49 273 637 902
2017-02-01,0.0,0.0,55.79,54.01,3.15,0.0,0.0,0.0,0.0,0.0,0.0,0.0,0.0,0.0,0,0,0,0,0
2017-03-01,0.0,0.0,55.72,50.6,2.54,0.0,0.0,0.0,0.0,0.0,0.0,0.0,0.0,0.0,0,0,0,0,0
2017-04-01,0.0,0.0,0.0,49.21,0.0,0.0,0.0,0.0,0.0,0.0,0.0,0.0,0.0,0.0,0,0,0,0,0
2017-05-01,0.0,0.0,50.41,48.32,3.2,0.0,0.0,0.0,0.0,0.0,0.0,0.0,0.0,0.0,0,0,0,0,0
2017-06-01,0.0,0.0,50.41,46.04,3.05,0.0,0.0,0.0,0.0,0.0,0.0,0.0,0.0,0.0,0,0,0,0,0
2017-07-01,0.0,0.0,0.0,50.17,0.0,0.0,0.0,0.0,0.0,0.0,0.0,0.0,0.0,0.0,0,0,0,0,0
2017-08-01,0.0,0.0,50.77,47.23,2.8,0.0,0.0,0.0,0.0,0.0,0.0,0.0,0.0,0.0,0,0,0,0,0
2017-09-01,0.0,0.0,53.15,51.67,2.88,0.0,0.0,0.0,0.0,0.0,0.0,0.0,0.0,0.0,0,0,0,0,0
2017-10-01,0.0,0.0,0.0,54.38,0.0,0.0,0.0,0.0,0.0,0.0,0.0,0.0,0.0,0.0,0,0,0,0,0
2017-11-01,0.0,0.0,60.98,57.4,2.68,0.0,0.0,0.0,0.0,0.0,0.0,0.0,0.0,0.0,0,0,0,0,0
2017-12-01,0.0,0.0,64.57,60.42,2.84,1265.674,0.0,0.0,0.0,0.0,0.0,0.0,0.0,0.0,0,0,0,0,0
2018-01-01,3544387229.27822,99.4263130998934,0.0,64.73,0.0,0.0,1885.361,9520000000.0,1.80391671141896,9.3,23.0,65078.0,4.8,28.0,75 720 464 150,0,1309956000000,43 077 520 359, 55 299 739 977
2018-02-01,0.0,0.0,68.6,61.64,3.06,0.0,0.0,0.0,0.0,0.0,0.0,0.0,0.0,0.0,0,0,0,0,0
2018-03-01,0.0,0.0,64.23,64.94,2.67,0.0,0.0,0.0,0.0,0.0,0.0,0.0,0.0,0.0,0,0,0,0,0
2018-04-01,0.0,0.0,0.0,68.57,0.0,0.0,0.0,0.0,0.0,0.0,0.0,0.0,0.0,0.0,0,0,0,0,0
2018-05-01,0.0,0.0,74.85,67.04,2.75,0.0,0.0,0.0,0.0,0.0,0.0,0.0,0.0,0.0,0,0,0,0,0
2018-06-01,0.0,0.0,74.54,74.15,2.91,0.0,0.0,0.0,0.0,0.0,0.0,0.0,0.0,0.0,0,0,0,0,0
2018-07-01,0.0,0.0,0.0,68.76,0.0,0.0,0.0,0.0,0.0,0.0,0.0,0.0,0.0,0.0,0,0,0,0,0
2018-08-01,0.0,0.0,72.28,69.9977,2.8,0.0,0.0,0.0,0.0,0.0,0.0,0.0,0.0,0.0,0,0,0,0,0
2018-09-01,0.0,0.0,0.0,73.5992,0.0,0.0,0.0,0.0,0.0,0.0,0.0,0.0,0.0,0.0,0,0,0,0,0
2018-10-01,0.0,0.0,84.94,65.31,3.13,0.0,0.0,0.0,0.0,0.0,0.0,0.0,0.0,0.0,0,0,0,0,0
2018-11-01,0.0,0.0,71.25,50.93,3.36,0.0,0.0,0.0,0.0,0.0,0.0,0.0,0.0,0.0,0,0,0,0,0
2018-12-01,0.0,0.0,0.0,45.41,0.0,1249.887,0.0,0.0,0.0,0.0,0.0,0.0,0.0,0.0,0,0,0,0,0
2019-01-01,1720825003.13095,100.221126295912,0.0,53.79,0.0,0.0,1932.017,9949000000.0,0.303386036590383,8.8,21.1,65258.0,4.8,27.0,76 112 115 574,1,1336692000000, 43 952 860 516, 54 024 112 942
2019-02-01,0.0,0.0,61.86,57.22,2.7,0.0,0.0,0.0,0.0,0.0,0.0,0.0,0.0,0.0,0,0,0,0,0
2019-03-01,0.0,0.0,63.71,60.14,3.19,0.0,0.0,0.0,0.0,0.0,0.0,0.0,0.0,0.0,0,0,0,0,0
2019-04-01,0.0,0.0,69.08,63.91,2.73,0.0,0.0,0.0,0.0,0.0,0.0,0.0,0.0,0.0,0,0,0,0,0
2019-05-01,0.0,0.0,72.01,53.5,2.59,0.0,0.0,0.0,0.0,0.0,0.0,0.0,0.0,0.0,0,0,0,0,0
2019-06-01,0.0,0.0,0.0,59.4601,0.0,0.0,0.0,0.0,0.0,0.0,0.0,0.0,0.0,0.0,0,0,0,0,0
2019-07-01,0.0,0.0,65.1,58.58,2.33,0.0,0.0,0.0,0.0,0.0,0.0,0.0,0.0,0.0,0,0,0,0,0
2019-08-01,0.0,0.0,62.9,55.1,2.36,0.0,0.0,0.0,0.0,0.0,0.0,0.0,0.0,0.0,0,0,0,0,0
2019-09-01,0.0,0.0,0.0,54.07,0.0,0.0,0.0,0.0,0.0,0.0,0.0,0.0,0.0,0.0,0,0,0,0,0
2019-10-01,0.0,0.0,60.06,54.18,2.36,0.0,0.0,0.0,0.0,0.0,0.0,0.0,0.0,0.0,0,0,0,0,0
2019-11-01,0.0,0.0,60.17,55.4872,2.54,0.0,0.0,0.0,0.0,0.0,0.0,0.0,0.0,0.0,0,0,0,0,0
2019-12-01,0.0,0.0,0.0,60.7556,0.0,1480.025,0.0,0.0,0.0,0.0,0.0,0.0,0.0,0.0,0,0,0,0,0
2020-01-01,1418713118.61153,101.584440844571,67.77,51.56,0.0,0.0,1819.673,4514000000.0,0.705968661338261,7.9,20.7,65497.0,5.4,26.0,71 688 003 397,0,1236096000000,37 369 771 251,46 174 693 559
2020-02-01,0.0,0.0,0.0,44.76,0.0,0.0,0.0,0.0,0.0,0.0,0.0,0.0,0.0,0.0,0,0,0,0,0
2020-03-01,0.0,0.0,0.0,20.48,1.79,0.0,0.0,0.0,0.0,0.0,0.0,0.0,0.0,0.0,0,-1,0,0,0
2020-04-01,0.0,0.0,14.97,18.84,1.69,0.0,0.0,0.0,0.0,0.0,0.0,0.0,0.0,0.0,0,0,0,0,0
2020-05-01,0.0,0.0,18.49,35.49,1.69,0.0,0.0,0.0,0.0,0.0,0.0,0.0,0.0,0.0,0,0,0,0,0
2020-06-01,0.0,0.0,36.74,39.27,1.59,0.0,0.0,0.0,0.0,0.0,0.0,0.0,0.0,0.0,0,0,0,0,0
2020-07-01,0.0,0.0,42.18,40.27,1.69,0.0,0.0,0.0,0.0,0.0,0.0,0.0,0.0,0.0,0,0,0,0,0
2020-08-01,0.0,0.0,0.0,42.61,0.0,0.0,0.0,0.0,0.0,0.0,0.0,0.0,0.0,0.0,0,0,0,0,0
2020-09-01,0.0,0.0,45.72,40.22,2.22,0.0,0.0,0.0,0.0,0.0,0.0,0.0,0.0,0.0,0,0,0,0,0
2020-10-01,0.0,0.0,39.75,35.79,0.0,0.0,0.0,0.0,0.0,0.0,0.0,0.0,0.0,0.0,0,0,0,0,0
2020-11-01,0.0,0.0,0.0,45.34,0.0,0.0,0.0,0.0,0.0,0.0,0.0,0.0,0.0,0.0,0,0,0,0,0
2020-12-01,0.0,0.0,47.03,48.52,0.0,0.0,0.0,0.0,0.0,0.0,0.0,0.0,0.0,0.0,0,0,0,0,0
2021-01-01,2264148625.4107,103.181364334296,0.0,52.2,0.0,0.0,1646.254,6453000000.0,1.40195883962006,8.2,21.2,65824.0,5.2,25.0,84 646 643 416,0,1394661000000, 47 060 549 921, 60 199 361 761
2021-02-01,0.0,0.0,56.42,61.5,0.0,0.0,0.0,0.0,0.0,0.0,0.0,0.0,0.0,0.0,0,0,0,0,0
2021-03-01,0.0,0.0,64.56,59.16,0.0,0.0,0.0,0.0,0.0,0.0,0.0,0.0,0.0,0.0,0,0,0,0,0
2021-04-01,0.0,0.0,63.85,63.58,0.0,0.0,0.0,0.0,0.0,0.0,0.0,0.0,0.0,0.0,0,0,0,0,0
2021-05-01,0.0,0.0,0.0,66.93,0.0,0.0,0.0,0.0,0.0,0.0,0.0,0.0,0.0,0.0,0,0,0,0,0
2021-06-01,0.0,0.0,70.03,73.47,0.0,0.0,0.0,0.0,0.0,0.0,0.0,0.0,0.0,0.0,0,0,0,0,0
2021-07-01,0.0,0.0,76.69,73.95,0.0,0.0,0.0,0.0,0.0,0.0,0.0,0.0,0.0,0.0,0,0,0,0,0
2021-08-01,0.0,0.0,0.0,68.5,0.0,0.0,0.0,0.0,0.0,0.0,0.0,0.0,0.0,0.0,0,0,0,0,0
2021-09-01,0.0,0.0,71.99,75.03,0.0,0.0,0.0,0.0,0.0,0.0,0.0,0.0,0.0,0.0,0,0,0,0,0
2021-10-01,0.0,0.0,79.4,81.78,0.0,0.0,0.0,0.0,0.0,0.0,0.0,0.0,0.0,0.0,0,0,0,0,0
2021-11-01,0.0,0.0,84.51,65.85,0.0,0.0,0.0,0.0,0.0,0.0,0.0,0.0,0.0,0.0,0,0,0,0,0
2021-12-01,0.0,0.0,69.53,74.88,0.0,0.0,0.0,0.0,0.0,0.0,0.0,0.0,0.0,0.0,0,0,0,0,0
2022-01-01,2294356059.17334,99.8791431552797,0.0,86.49,0.0,0.0,1649.713,8223000000.0,6.65704202759067,7.4,16.9,66019.0,4.9,24.0,81 386 642 206,0,1483689000000, 58 681 916 332,73 752 886 131
